,PH-121,HS-101,CY-105,HS-105/12,MT-111,CS-105,CS-106,EL-102,EE-119,ME-107,CS-107,HS-205/20,MT-222,EE-222,MT-224,CS-210,CS-211,CS-203,CS-214,EE-217,CS-212,CS-215,MT-331,EF-303,HS-304,CS-301,CS-302,TC-383,MT-442,EL-332,CS-318,CS-306,CS-312,CS-317,CS-403,CS-421,CS-406,CS-414,CS-419,CS-423,CS-412
0,2.7,1.3,1.7,2.0,1.7,1.3,1.0,1.7,2.7,1.7,1.7,3.3,1.0,3.7,2.7,2.3,1.3,1.3,1.0,4.0,1.0,1.7,2.0,1.7,2.3,3.0,2.0,2.3,3.3,2.0,1.7,2.0,1.7,1.7,1.7,1.7,3.7,4.0,1.7,3.0,3.7
1,4.0,1.0,1.3,1.0,2.7,2.0,1.0,4.0,1.3,1.0,3.3,2.3,2.7,1.7,1.3,1.3,1.0,2.0,1.0,2.7,2.0,1.0,1.3,1.0,1.7,3.7,1.3,1.7,1.7,2.0,3.7,1.0,1.3,1.0,2.0,1.0,3.7,2.7,2.0,2.0,3.0
2,4.0,3.0,4.0,2.7,3.3,4.0,2.7,3.3,3.7,3.7,2.7,3.7,4.0,4.0,4.0,4.0,4.0,4.0,3.7,4.0,3.7,4.0,4.0,2.3,4.0,3.3,3.7,3.0,4.0,3.3,3.7,3.7,3.0,3.0,4.0,2.0,4.0,4.0,4.0,3.7,4.0
3,1.0,2.3,1.3,1.0,1.0,3.7,1.3,1.7,1.0,2.3,1.0,3.0,1.3,2.7,1.0,2.0,3.3,2.3,1.0,1.3,1.0,1.0,1.3,1.0,2.7,1.0,2.7,1.3,1.7,1.3,3.3,1.7,1.3,2.0,1.3,1.7,2.7,3.0,2.3,2.3,2.3
4,3.7,3.7,3.7,3.3,4.0,4.0,3.7,3.3,4.0,3.7,2.0,4.0,4.0,3.7,3.7,3.7,2.7,4.0,3.7,4.0,3.7,3.7,2.3,1.7,3.7,2.7,3.7,2.3,3.7,3.7,2.7,3.7,2.7,3.3,3.3,2.7,3.7,4.0,3.7,3.7,4.0
5,4.0,2.7,3.0,1.3,2.3,3.7,2.3,3.0,3.3,3.3,1.7,3.7,2.7,3.3,3.7,3.3,3.0,3.7,3.0,3.7,3.7,2.3,3.3,1.7,3.7,2.7,2.3,3.0,3.7,3.7,2.7,3.3,2.0,2.7,2.3,2.3,3.7,3.7,3.3,2.7,3.0
6,2.7,1.7,3.7,1.0,3.7,3.0,4.0,3.3,3.7,3.3,3.7,4.0,2.0,2.3,1.7,2.7,2.7,3.3,2.0,4.0,2.3,1.7,2.3,2.3,3.3,3.3,3.0,1.7,3.3,3.7,2.0,2.3,2.7,2.0,3.3,2.7,4.0,3.7,3.3,3.3,4.0
7,3.3,3.3,2.3,2.0,2.0,3.7,1.7,3.7,3.0,3.7,3.3,4.0,3.3,3.3,2.0,3.7,3.3,3.7,2.0,3.7,2.3,2.0,2.0,2.3,3.7,1.3,3.7,2.0,3.7,3.0,3.0,3.3,1.3,3.3,3.3,2.0,4.0,3.3,3.7,3.7,3.7
8,3.7,2.0,3.7,1.3,3.0,3.7,3.7,3.7,3.3,3.7,3.7,4.0,4.0,3.7,2.7,3.7,3.7,4.0,2.7,4.0,2.3,2.3,3.7,1.7,3.3,3.0,3.0,3.3,4.0,3.7,3.3,3.7,3.3,3.0,2.7,2.3,4.0,3.7,3.3,3.7,4.0
9,4.0,3.0,2.3,3.0,3.0,3.7,2.0,2.7,3.7,4.0,2.3,3.7,2.7,4.0,3.7,4.0,2.7,4.0,2.7,3.7,2.7,3.7,3.0,3.3,3.7,2.7,2.7,2.3,3.0,3.3,2.7,3.7,2.3,2.7,3.3,2.7,4.0,4.0,3.7,3.0,4.0
10,3.7,2.7,3.3,1.7,1.7,2.7,2.3,2.7,4.0,3.7,1.3,4.0,2.7,3.7,1.0,3.3,2.7,3.0,2.3,3.7,1.3,2.0,3.3,2.0,3.7,2.0,3.0,1.3,3.7,2.0,3.7,3.3,2.0,2.7,1.7,1.7,3.0,3.3,2.7,1.7,3.3
11,3.7,2.0,3.7,2.3,1.7,4.0,2.7,3.3,3.7,3.7,3.7,4.0,3.3,3.7,3.7,4.0,3.7,4.0,4.0,4.0,3.7,3.7,2.7,2.3,3.7,2.3,2.7,3.0,3.7,4.0,2.7,3.7,3.7,2.7,3.3,2.0,4.0,3.7,2.7,2.3,3.7
12,3.0,2.0,3.7,2.0,2.7,3.0,1.3,2.0,3.3,3.7,3.7,2.7,3.3,3.3,3.7,2.3,1.7,3.0,1.7,2.7,1.3,1.0,3.3,1.3,3.7,3.7,2.7,2.0,3.7,2.7,3.0,2.3,1.7,2.0,1.7,2.0,4.0,3.7,2.7,3.7,3.3
13,4.0,1.7,3.7,1.7,3.0,3.7,2.3,3.7,3.7,3.7,1.7,4.0,3.3,4.0,3.7,3.7,3.0,3.7,2.3,4.0,3.3,3.3,4.0,3.7,3.7,3.7,3.7,3.3,4.0,4.0,3.7,3.7,3.0,3.7,3.7,3.3,3.7,4.0,4.0,3.7,4.0
14,4.0,2.0,3.7,2.3,3.7,4.0,2.7,3.7,3.7,4.0,2.0,3.7,2.7,3.7,4.0,3.3,2.7,3.7,2.7,4.0,3.7,3.3,3.0,1.3,3.7,3.7,3.7,2.3,4.0,4.0,3.7,3.7,2.3,3.7,3.7,3.3,3.7,4.0,4.0,4.0,4.0
15,3.7,1.7,2.7,1.0,2.7,3.3,2.7,3.7,3.0,3.7,2.0,3.0,3.7,2.7,2.7,2.7,2.3,3.7,2.3,4.0,1.0,2.7,2.0,2.7,3.7,1.7,3.7,1.7,4.0,2.0,2.0,2.7,3.0,2.0,2.7,2.3,3.7,3.7,2.3,1.7,3.7
16,3.7,1.7,4.0,1.3,3.7,4.0,3.0,3.7,3.7,4.0,3.0,3.7,3.7,4.0,4.0,3.7,3.7,4.0,3.3,4.0,3.0,3.3,4.0,2.7,3.3,2.0,3.7,2.7,4.0,3.7,2.3,2.7,2.0,2.7,3.0,2.3,3.3,3.7,2.7,3.0,3.7
17,2.7,1.7,2.0,1.0,1.0,2.3,1.3,3.0,3.3,1.3,1.0,3.3,1.0,2.7,1.0,1.3,2.3,3.3,2.0,2.0,1.3,1.0,1.3,2.0,1.7,1.0,1.0,1.0,1.7,1.3,1.0,1.0,1.0,1.3,1.3,1.0,3.7,2.0,1.7,1.3,1.7
18,4.0,1.7,4.0,2.3,3.7,4.0,3.7,4.0,4.0,4.0,3.0,3.7,4.0,3.7,3.7,3.7,3.3,4.0,3.7,3.7,3.0,3.7,3.7,1.7,2.7,4.0,3.7,3.3,4.0,3.7,3.7,3.7,2.7,3.7,3.7,2.7,3.7,4.0,3.7,3.7,4.0
19,3.3,2.0,3.7,1.7,3.7,3.3,3.7,3.7,4.0,4.0,3.3,4.0,3.7,4.0,3.7,3.7,3.7,4.0,3.3,3.7,3.3,4.0,3.7,1.7,3.0,3.7,3.3,3.0,3.7,4.0,3.0,2.7,2.0,3.3,3.7,3.3,3.7,4.0,3.7,3.7,4.0
20,3.3,2.0,3.0,1.3,2.7,1.7,1.7,1.7,1.7,3.7,1.3,3.7,2.7,1.3,3.3,2.7,1.7,2.7,1.7,3.7,1.0,1.3,2.0,1.3,2.7,1.3,2.7,1.7,3.0,2.0,2.0,2.0,1.3,1.7,1.7,1.3,3.3,3.3,2.0,2.7,3.7
21,3.0,3.3,2.7,2.0,3.7,3.7,1.3,2.3,3.0,2.0,2.0,3.0,3.0,3.7,2.3,2.7,2.3,3.0,1.7,3.3,2.3,2.0,3.7,3.3,3.3,3.7,3.3,3.0,3.7,1.7,3.0,2.0,2.3,3.3,2.0,2.3,4.0,4.0,3.7,3.3,3.7
22,3.3,2.3,2.7,2.3,1.7,3.7,2.7,2.3,3.7,2.3,2.7,3.7,1.3,4.0,2.7,3.3,1.0,3.7,2.7,3.7,3.3,2.7,3.0,1.7,3.0,3.0,3.7,2.3,3.7,3.3,2.7,3.3,1.7,3.0,2.3,1.7,4.0,3.7,3.3,2.7,3.7
23,4.0,3.7,4.0,3.7,4.0,4.0,2.7,3.7,3.3,4.0,3.0,3.7,3.3,3.7,4.0,3.7,3.7,4.0,3.7,4.0,3.3,3.7,3.7,2.7,3.3,3.3,3.7,3.7,4.0,3.7,3.7,3.7,2.7,2.7,3.7,2.7,3.3,4.0,3.7,3.7,3.7
24,4.0,2.7,3.7,3.0,3.3,3.7,3.0,4.0,4.0,3.7,2.3,4.0,3.0,3.7,3.7,4.0,3.0,4.0,3.7,3.7,3.7,3.7,4.0,2.7,3.3,3.7,3.0,2.7,4.0,4.0,3.0,3.0,2.7,3.3,3.0,2.7,3.7,4.0,3.7,3.7,4.0
25,2.3,1.7,2.0,1.7,1.0,2.7,1.0,2.3,3.7,3.3,1.0,3.7,1.3,3.3,1.3,2.0,1.0,3.3,1.3,2.0,1.0,1.0,1.0,2.0,3.0,1.3,2.7,1.3,3.3,2.7,1.7,2.0,1.3,1.3,2.7,1.3,3.3,3.7,2.0,3.0,3.7
26,4.0,3.3,4.0,3.7,3.7,4.0,2.3,4.0,4.0,3.7,3.3,3.7,3.0,3.7,3.7,3.7,2.7,4.0,3.0,4.0,3.7,3.7,3.0,1.7,3.3,3.3,3.7,2.0,3.7,3.7,3.3,4.0,2.3,3.0,3.0,2.7,3.7,4.0,3.0,3.7,4.0
27,2.0,2.3,1.3,1.3,1.7,3.3,1.0,2.0,3.0,3.0,3.7,3.0,1.0,2.3,1.3,2.0,1.7,1.7,2.0,2.0,1.3,1.0,2.3,1.3,3.0,2.3,2.3,1.3,2.3,1.7,2.0,2.0,1.0,1.0,1.7,1.7,3.0,3.7,2.3,2.7,3.7
28,3.3,3.0,3.7,3.3,2.7,4.0,3.0,1.3,3.7,3.7,1.7,4.0,4.0,3.3,3.0,3.3,2.7,4.0,2.7,3.7,2.3,3.7,3.0,1.7,3.7,3.7,3.7,2.3,4.0,3.7,2.7,3.3,2.3,3.3,3.0,2.3,3.7,4.0,2.7,3.3,3.7
29,2.0,2.7,2.0,1.3,3.0,3.0,2.3,2.3,2.3,3.0,1.0,3.7,1.3,2.3,2.7,2.7,2.0,2.7,2.0,2.7,1.0,1.7,1.7,1.7,2.7,1.3,2.7,1.7,3.7,2.3,2.3,1.7,1.3,2.0,2.0,1.3,3.7,3.7,2.3,1.7,2.7
30,3.7,3.0,4.0,3.3,2.7,3.7,3.3,4.0,3.7,4.0,3.0,3.7,2.7,3.7,3.7,4.0,3.7,4.0,4.0,4.0,3.3,3.3,3.7,2.3,3.7,3.0,3.0,2.7,4.0,3.7,3.7,3.0,2.0,3.7,3.7,2.7,3.7,4.0,3.3,3.3,4.0
31,4.0,2.3,3.7,2.3,3.3,3.7,2.7,3.3,3.7,3.7,3.0,3.0,3.3,4.0,3.7,4.0,2.3,3.7,3.7,3.0,2.7,3.7,2.7,1.3,3.0,2.7,3.7,1.7,3.0,2.7,3.0,2.3,2.0,2.3,2.3,2.3,4.0,4.0,3.0,3.3,3.7
32,3.0,2.3,4.0,1.3,3.7,4.0,3.7,4.0,3.7,3.7,2.7,3.7,3.7,3.7,3.7,3.7,3.7,4.0,3.0,4.0,2.7,3.7,3.3,1.3,2.7,3.0,3.0,2.3,4.0,3.7,3.0,3.0,2.3,3.0,3.0,1.7,4.0,3.7,3.3,2.7,3.3
33,4.0,2.3,3.7,3.0,3.7,3.3,1.7,3.3,3.7,2.7,1.7,4.0,3.0,3.7,3.7,3.7,2.3,3.7,3.0,4.0,2.7,3.3,3.0,2.0,3.7,2.0,3.0,2.0,3.7,3.7,2.7,3.0,1.3,2.7,2.7,2.7,3.7,4.0,3.3,3.7,3.3
34,3.3,2.7,3.7,4.0,2.3,3.7,1.0,3.7,3.7,2.3,1.7,4.0,2.0,4.0,3.0,3.7,3.0,3.7,1.7,4.0,3.0,2.0,2.7,3.7,3.7,3.0,3.7,1.7,3.7,3.3,2.7,3.7,2.0,3.3,2.7,2.3,4.0,4.0,3.0,3.7,3.7
35,3.0,2.3,2.7,1.3,3.3,3.7,2.7,3.3,3.7,3.7,3.3,3.7,3.0,3.7,1.3,3.7,3.0,4.0,1.7,4.0,2.7,2.3,3.0,2.0,3.7,2.3,3.0,1.7,4.0,3.7,2.7,3.0,1.7,2.0,3.0,2.3,3.7,4.0,2.7,2.7,3.7
36,3.3,3.3,3.7,2.7,3.3,3.7,2.3,3.3,3.7,3.0,1.7,4.0,2.3,3.7,3.7,3.7,2.0,3.7,3.0,3.7,2.7,3.7,3.3,2.0,3.3,2.0,3.3,2.7,3.3,3.3,2.7,3.7,2.3,2.3,2.7,2.3,3.7,4.0,2.7,3.7,3.7
37,3.0,2.0,3.7,2.7,3.3,4.0,4.0,3.7,3.7,3.7,3.7,3.7,1.3,4.0,3.7,3.7,3.0,4.0,3.0,3.3,3.3,2.7,3.7,2.7,3.3,2.7,3.3,2.3,4.0,3.7,3.3,3.7,3.0,3.0,3.3,2.0,3.7,3.7,3.3,3.3,3.7
38,1.7,1.7,1.0,1.0,2.3,2.3,1.7,1.0,2.0,2.0,1.7,3.7,2.3,3.0,2.7,3.0,2.3,3.7,1.7,3.0,1.3,1.7,1.7,1.7,1.7,2.7,2.7,1.3,3.7,2.0,1.3,1.3,2.3,1.3,1.3,1.0,3.7,3.3,2.3,1.7,3.3
39,3.7,3.7,3.3,3.3,3.7,4.0,3.3,4.0,4.0,3.7,4.0,3.3,2.7,4.0,3.7,4.0,3.7,4.0,3.7,3.7,4.0,4.0,3.7,4.0,3.7,4.0,4.0,4.0,2.3,3.7,4.0,3.7,3.7,3.0,3.7,3.0,4.0,3.7,3.0,3.0,4.0
40,3.7,2.7,2.7,2.0,3.7,4.0,4.0,2.7,3.7,2.7,2.7,4.0,2.0,3.7,3.3,3.0,2.7,3.0,2.0,3.3,2.0,2.3,2.0,1.7,3.7,2.3,3.0,2.3,4.0,3.7,2.7,3.0,2.7,3.3,2.7,2.0,3.7,4.0,3.3,3.7,3.7
41,3.0,2.0,2.3,2.0,1.3,3.7,1.3,2.7,3.0,3.3,3.3,3.7,2.7,3.3,3.7,3.3,1.7,2.3,2.7,3.7,1.3,2.7,3.0,2.0,2.7,1.3,3.0,2.0,3.3,2.3,2.0,2.7,1.3,2.0,3.0,1.3,3.7,4.0,2.7,3.3,3.7
42,3.3,2.0,3.0,2.0,2.7,3.7,1.0,3.7,3.7,2.7,3.7,3.7,2.7,3.7,3.3,2.7,1.3,3.3,1.7,3.7,1.7,1.7,2.3,1.3,3.0,3.7,3.0,1.7,3.7,3.7,4.0,2.7,1.7,1.7,2.7,1.7,4.0,3.7,2.3,3.0,3.7
43,1.7,3.3,2.0,3.3,2.3,3.7,3.3,2.7,4.0,4.0,2.3,3.7,1.0,3.3,1.0,3.7,1.7,3.3,2.3,1.3,3.0,2.7,3.3,2.7,3.7,2.7,3.7,2.3,3.7,3.0,3.3,3.7,3.3,3.3,2.7,2.3,4.0,3.7,2.7,3.0,4.0
44,1.0,2.0,4.0,4.0,3.7,1.7,3.7,3.7,1.3,WU,4.0,3.7,3.7,4.0,3.7,3.7,3.7,3.7,2.0,3.7,3.7,3.7,4.0,3.0,3.7,3.7,3.7,4.0,3.7,3.7,3.7,3.7,4.0,2.7,4.0,3.0,3.7,4.0,3.7,3.7,3.7
45,3.0,2.7,2.7,1.3,1.7,2.0,1.0,3.0,3.7,3.0,2.0,3.3,1.7,2.7,1.3,1.3,3.0,1.0,1.0,1.7,3.7,3.0,1.3,1.0,2.0,1.3,1.7,1.3,3.0,1.0,1.0,1.0,3.0,1.3,1.3,2.0,2.3,2.7,2.0,1.0,2.7
46,3.7,1.7,2.3,1.7,1.0,2.3,1.3,1.3,3.3,2.3,1.7,3.7,1.0,3.7,1.0,1.0,1.0,2.0,1.3,1.3,1.0,1.0,3.7,2.3,2.3,2.3,1.0,2.3,1.7,1.0,1.0,1.0,1.0,1.3,2.7,1.0,3.7,2.7,1.7,2.0,2.7
47,3.7,3.3,3.7,3.7,4.0,4.0,4.0,4.0,4.0,2.7,4.0,4.0,4.0,4.0,4.0,4.0,4.0,4.0,4.0,4.0,4.0,4.0,4.0,4.0,3.7,4.0,3.7,4.0,3.7,4.0,4.0,3.7,4.0,4.0,4.0,4.0,4.0,4.0,4.0,4.0,4.0
48,4.0,3.7,4.0,3.7,4.0,4.0,4.0,4.0,4.0,4.0,4.0,4.0,3.7,4.0,3.7,4.0,4.0,4.0,3.3,4.0,3.7,4.0,4.0,4.0,4.0,3.7,3.7,4.0,4.0,4.0,4.0,4.0,3.7,2.7,4.0,3.0,4.0,3.7,4.0,3.0,4.0
49,3.7,3.7,4.0,3.7,3.7,4.0,3.7,4.0,4.0,3.7,3.0,4.0,3.7,4.0,3.7,3.3,3.3,4.0,3.7,4.0,2.3,4.0,4.0,2.7,3.7,1.7,3.0,3.7,3.7,4.0,3.3,3.7,2.3,2.3,3.3,1.7,3.7,4.0,3.3,1.0,4.0
50,2.3,1.0,2.0,1.0,1.3,3.0,3.7,1.7,2.0,2.7,2.3,3.0,1.0,2.3,1.3,2.0,1.0,2.3,1.7,1.0,1.3,1.7,2.3,1.3,2.0,2.0,2.0,3.0,3.3,2.0,2.0,2.3,2.7,1.7,1.7,2.0,3.3,4.0,2.7,2.7,3.7
51,1.7,3.0,2.7,2.7,3.0,3.3,1.0,2.7,3.3,1.0,3.0,3.7,1.7,3.3,1.7,2.7,1.7,3.3,2.0,3.0,2.0,2.3,3.0,1.7,3.0,2.0,2.7,2.3,2.7,2.7,2.3,2.3,1.3,2.7,2.3,1.7,3.7,3.7,3.3,3.0,3.7
52,2.7,2.3,3.0,2.3,3.7,2.3,4.0,2.3,3.0,2.3,2.3,3.7,4.0,3.3,3.7,3.7,3.0,3.7,3.0,3.3,2.7,3.3,3.7,3.0,3.7,3.0,3.3,1.7,3.3,3.7,2.7,3.0,2.3,2.7,2.7,2.7,4.0,4.0,3.0,3.0,3.7
53,2.7,2.7,2.0,2.7,1.7,3.7,2.3,2.7,3.7,3.7,4.0,3.0,2.3,3.3,3.0,2.7,3.3,4.0,3.0,3.7,2.3,2.7,2.3,1.7,2.7,3.3,2.7,1.0,4.0,2.3,2.7,1.7,1.3,1.7,1.3,2.0,3.7,4.0,2.7,3.0,3.7
54,3.7,2.3,4.0,1.7,4.0,3.3,2.7,4.0,3.7,4.0,1.3,3.7,3.7,3.7,3.0,2.7,1.7,3.0,2.0,4.0,2.0,3.0,3.0,2.0,2.7,1.7,3.3,2.3,4.0,3.7,2.7,2.7,1.7,2.3,2.7,2.7,3.7,4.0,3.3,3.7,3.7
55,3.3,2.3,3.0,1.7,4.0,3.3,3.3,2.0,3.7,4.0,3.7,3.7,3.7,3.7,3.7,3.7,1.7,3.0,2.3,3.7,3.3,3.7,3.0,1.3,3.3,2.3,2.7,2.3,3.3,3.7,2.7,2.0,1.3,2.0,2.7,1.7,4.0,3.7,3.7,2.7,3.7
56,4.0,3.0,3.7,3.3,4.0,3.7,2.3,3.7,3.7,3.0,2.0,3.7,4.0,4.0,4.0,3.7,4.0,4.0,3.7,4.0,3.7,4.0,4.0,1.7,3.3,2.7,3.0,3.3,3.7,4.0,2.3,3.7,3.0,2.3,3.3,1.7,3.7,4.0,3.7,2.3,4.0
57,1.3,1.7,1.7,1.0,1.0,2.7,2.3,2.3,1.0,1.0,1.7,1.0,1.7,2.0,1.0,1.3,1.3,3.7,2.0,1.3,1.0,1.3,3.7,1.7,1.0,3.7,1.7,1.7,2.7,1.7,1.0,1.0,2.0,1.3,2.0,2.3,3.7,2.7,3.0,1.3,1.7
58,3.3,3.0,2.3,3.7,3.7,3.7,1.7,3.0,3.7,3.3,2.7,4.0,4.0,3.7,3.0,3.0,3.7,4.0,2.7,3.7,3.0,3.0,3.3,1.7,3.7,2.0,3.0,2.3,4.0,2.7,3.0,3.3,2.7,3.7,2.7,1.7,3.7,4.0,2.7,3.0,3.7
59,3.7,2.7,2.0,1.3,1.7,3.3,1.7,2.7,3.7,4.0,1.0,3.7,1.0,3.7,2.7,2.7,2.7,2.7,1.3,3.7,1.0,1.3,1.7,1.0,2.7,2.0,3.0,1.3,3.7,3.0,2.3,2.7,1.3,2.3,1.7,1.7,3.3,3.7,3.0,3.3,3.7
60,2.0,3.3,WU,1.3,1.7,2.7,0.0,1.0,3.7,3.0,I,WU,WU,4.0,3.7,3.7,WU,I,I,WU,3.7,3.7,4.0,3.0,3.7,3.7,3.7,4.0,3.7,3.7,3.7,3.7,4.0,2.7,4.0,3.0,3.7,4.0,3.7,3.7,3.7
61,3.7,2.7,2.0,1.7,2.7,2.7,1.0,2.0,2.7,3.3,1.7,3.7,2.0,3.7,1.7,2.3,2.3,1.7,1.7,3.7,1.0,2.7,2.0,2.7,3.0,2.0,2.7,2.3,3.7,3.0,1.7,2.7,1.0,2.3,1.7,1.7,3.7,4.0,3.0,3.3,3.7
62,3.0,1.7,3.0,1.3,2.7,2.3,2.3,2.0,3.7,1.7,1.0,3.7,1.3,3.7,2.3,3.3,1.0,1.3,1.7,3.3,1.0,1.7,1.3,1.0,3.3,2.3,2.7,2.0,3.7,2.7,2.0,2.7,2.7,1.7,2.0,2.3,3.7,3.7,2.7,2.7,3.7
63,3.7,2.7,4.0,3.3,4.0,4.0,3.0,4.0,4.0,2.7,3.7,4.0,4.0,4.0,3.7,4.0,4.0,4.0,4.0,4.0,4.0,4.0,4.0,3.7,3.3,4.0,4.0,3.7,4.0,4.0,4.0,4.0,3.7,3.7,3.7,2.3,3.7,4.0,3.7,4.0,3.7
64,2.7,2.7,3.7,1.3,2.3,3.7,2.0,3.7,3.7,1.7,2.7,2.7,3.7,3.7,3.3,3.0,3.7,4.0,2.7,2.7,3.0,3.7,3.7,2.3,2.3,2.7,2.3,2.0,3.7,3.7,2.0,3.0,2.0,2.3,2.7,2.0,3.7,3.7,2.7,3.7,3.3
65,3.7,2.7,2.7,1.0,2.0,3.3,2.0,2.7,3.7,3.3,1.7,4.0,1.3,3.3,2.7,3.0,2.3,2.7,3.0,3.7,2.0,2.0,1.3,2.0,3.0,2.7,3.0,1.3,4.0,2.3,1.7,3.0,1.3,2.7,2.7,2.7,3.7,4.0,3.0,3.0,3.7
66,3.7,1.7,2.0,1.0,2.3,3.0,1.0,2.3,2.7,3.0,2.7,3.3,2.0,3.7,1.7,3.3,1.7,2.0,3.0,3.7,2.3,2.0,3.0,2.7,3.3,2.3,3.0,2.3,3.7,3.7,3.7,3.0,2.0,2.3,2.7,2.3,3.7,3.7,3.3,3.3,3.7
67,3.7,1.7,3.7,1.7,3.7,4.0,1.3,3.7,3.7,3.7,2.0,3.0,3.7,3.7,3.3,3.7,3.0,3.7,2.7,3.7,2.7,3.7,3.3,1.3,2.7,2.7,3.0,3.0,4.0,3.7,2.3,3.3,1.7,2.7,2.3,2.7,3.7,4.0,3.0,3.7,4.0
68,3.0,2.0,3.3,1.7,3.3,3.7,4.0,3.7,3.7,3.7,3.7,3.7,1.7,3.7,1.0,3.0,1.3,4.0,3.0,3.7,1.7,1.3,3.0,1.7,3.7,1.0,2.0,1.3,1.7,2.7,2.3,3.0,2.3,1.7,1.7,1.7,4.0,3.3,2.7,2.3,3.7
69,4.0,1.7,4.0,2.7,4.0,3.7,2.7,3.7,3.7,4.0,2.7,4.0,4.0,4.0,4.0,4.0,3.7,4.0,3.0,4.0,3.7,4.0,3.7,2.0,2.7,3.3,4.0,3.3,4.0,4.0,3.7,3.7,2.7,3.0,3.7,2.7,3.7,4.0,3.7,3.7,4.0
70,3.7,3.3,3.7,3.3,3.0,4.0,3.7,4.0,3.7,4.0,2.0,4.0,2.0,4.0,3.7,4.0,3.3,3.7,3.3,3.7,3.3,3.7,3.0,2.0,3.7,3.7,3.7,3.3,3.7,3.7,3.7,3.7,2.7,3.7,3.7,2.0,3.7,4.0,3.7,3.0,3.7
71,3.7,3.0,3.0,1.7,3.7,4.0,2.7,3.3,2.7,3.0,2.0,3.7,2.0,3.7,3.7,3.7,3.0,4.0,3.7,3.7,3.7,3.3,3.7,1.0,2.0,1.7,3.0,1.3,4.0,3.0,2.3,3.7,2.3,1.3,1.3,1.3,2.7,4.0,2.0,2.3,2.7
72,3.7,2.3,3.7,2.3,2.7,4.0,3.0,3.7,3.3,3.7,3.3,3.7,2.3,3.7,3.7,3.7,3.3,4.0,3.0,4.0,3.7,4.0,3.7,2.3,3.7,3.7,3.7,2.7,3.7,3.7,3.3,3.7,2.7,3.0,3.7,2.3,3.7,4.0,3.3,4.0,3.7
73,4.0,2.7,3.3,1.3,1.3,3.7,1.0,2.7,3.7,4.0,1.7,4.0,2.0,2.3,1.7,1.7,1.0,1.7,1.3,1.7,1.0,1.0,1.3,1.7,2.3,2.7,2.3,1.0,3.3,2.0,1.3,2.0,2.0,2.3,2.0,1.3,3.3,3.3,2.3,2.3,3.7
74,3.7,2.7,3.0,2.7,1.3,3.7,2.0,3.7,3.0,3.7,2.3,3.7,3.0,4.0,4.0,4.0,2.7,3.7,2.0,4.0,3.0,3.3,3.3,2.0,3.3,3.7,3.7,2.7,4.0,3.3,3.3,3.3,2.3,3.7,3.0,2.3,3.7,4.0,2.7,3.0,3.7
75,2.7,1.7,3.0,1.0,2.7,2.3,1.7,2.7,2.0,2.3,3.0,2.7,2.3,2.7,3.0,3.0,3.3,3.3,2.3,3.7,1.0,1.3,1.7,1.3,2.7,3.3,3.0,2.0,3.7,2.3,2.7,3.0,2.0,2.7,2.7,2.7,4.0,4.0,3.0,3.0,3.3
76,3.7,2.3,3.3,3.0,2.3,3.7,3.0,3.7,3.7,3.7,2.7,3.7,3.3,3.7,3.7,3.7,2.0,3.7,3.7,4.0,2.3,2.3,3.0,2.7,3.7,3.7,3.7,3.0,3.7,3.3,3.7,3.7,3.0,3.7,3.7,2.3,3.7,4.0,3.0,3.7,3.7
77,3.7,2.7,4.0,2.3,2.7,3.7,2.3,3.0,3.7,2.7,2.3,4.0,3.7,3.3,2.7,3.7,2.3,3.7,2.7,3.7,2.7,2.7,3.0,2.7,3.7,3.7,3.7,2.0,4.0,3.7,3.7,3.0,2.0,3.7,3.7,3.7,4.0,4.0,3.0,4.0,4.0
78,3.0,2.0,3.3,3.0,4.0,3.7,2.7,3.7,3.7,2.7,1.7,4.0,3.7,4.0,3.7,3.7,2.7,3.7,3.0,3.7,3.0,2.7,3.7,1.3,3.7,3.7,3.0,2.0,3.7,4.0,3.3,3.3,2.0,3.3,2.7,2.7,3.7,4.0,2.3,3.3,3.7
79,4.0,2.7,4.0,2.7,4.0,3.7,4.0,4.0,3.0,4.0,2.7,3.7,3.7,4.0,4.0,4.0,4.0,4.0,3.3,4.0,3.7,4.0,4.0,2.7,3.7,3.7,3.7,3.7,4.0,4.0,3.0,3.7,3.7,3.7,3.0,3.0,3.7,4.0,3.7,3.3,4.0
80,1.3,2.7,1.7,1.0,1.0,3.3,3.7,2.7,3.0,2.0,2.7,3.7,1.7,3.7,2.7,3.3,2.7,3.3,3.3,3.3,2.7,2.7,2.3,2.0,3.3,3.0,3.3,1.7,3.3,2.7,3.0,2.7,2.3,2.3,2.3,2.7,4.0,4.0,3.3,3.0,3.7
81,2.0,2.0,1.7,2.0,1.0,3.3,1.0,1.7,3.0,1.7,2.3,4.0,1.0,2.3,1.0,2.7,1.0,3.7,1.3,1.7,2.7,1.3,4.0,2.3,1.7,1.0,3.7,1.3,3.7,1.3,1.7,2.3,1.3,2.0,1.3,1.7,2.7,3.7,2.0,1.7,2.7
82,4.0,3.3,4.0,3.7,4.0,3.7,3.3,4.0,4.0,3.7,2.7,4.0,4.0,4.0,4.0,4.0,3.7,4.0,4.0,3.7,4.0,4.0,2.7,2.0,4.0,3.7,3.7,3.3,4.0,4.0,3.7,3.7,3.7,4.0,3.7,3.7,3.7,4.0,4.0,4.0,4.0
83,2.7,2.7,3.7,2.3,2.7,3.0,1.3,3.7,2.7,2.7,1.7,4.0,1.3,3.7,1.3,2.7,1.7,3.3,1.3,3.0,1.3,1.7,2.7,1.3,3.7,2.0,3.7,1.3,3.3,2.7,2.0,2.7,1.3,2.3,2.7,2.7,4.0,4.0,3.7,3.7,3.7
84,3.7,2.0,3.7,1.7,2.7,3.7,1.7,3.7,2.7,4.0,1.3,4.0,2.0,3.7,2.7,3.3,1.3,3.0,2.7,3.3,2.7,3.0,2.7,2.0,2.0,2.7,3.0,1.7,3.7,2.7,2.7,3.0,2.7,3.3,3.7,3.0,3.7,3.7,2.7,2.7,3.7
85,2.3,1.3,3.0,1.0,2.3,1.0,1.3,2.7,2.3,3.7,1.0,3.7,1.3,2.7,2.7,2.3,1.0,2.3,1.3,3.0,1.0,1.7,1.7,1.7,1.3,1.7,2.0,1.7,1.7,1.7,1.7,1.7,1.3,1.3,1.3,1.3,3.0,3.3,2.3,1.7,3.7
86,1.0,1.0,1.3,2.7,0.0,1.0,1.0,1.0,1.3,1.3,1.7,3.0,0.0,1.3,1.0,1.0,0.0,1.0,1.0,0.0,1.0,1.3,0.0,1.3,1.3,0.0,1.0,0.0,2.0,1.0,1.0,1.0,1.3,1.0,4.0,3.0,3.7,4.0,3.7,3.7,3.7
87,2.0,2.0,2.7,2.3,1.7,2.7,1.3,2.3,2.3,1.7,3.7,3.0,1.3,3.7,2.3,1.7,1.3,1.7,1.7,3.0,1.0,1.0,3.0,1.0,3.0,3.7,3.3,1.3,3.7,3.0,3.0,1.7,1.3,1.7,1.7,1.7,3.7,3.7,1.7,2.7,3.3
88,2.7,2.3,3.0,2.0,3.7,3.7,3.3,3.7,3.7,2.0,3.3,3.7,2.7,3.7,3.3,2.3,1.3,2.3,2.7,3.7,2.7,2.7,3.7,1.7,3.3,1.7,3.0,1.7,3.7,2.7,3.3,2.0,2.0,2.7,2.3,2.0,3.7,3.7,3.0,3.7,2.7
89,1.3,3.0,1.3,1.7,1.0,3.0,1.0,1.7,2.7,1.0,3.3,3.7,1.0,2.3,1.0,2.3,2.7,2.7,2.0,1.0,1.7,1.3,3.0,3.0,2.7,3.7,2.7,1.3,2.7,2.3,2.3,2.3,2.0,1.7,2.0,2.7,3.7,4.0,1.3,2.0,3.7
90,1.7,2.7,1.0,2.3,1.0,1.0,1.7,2.3,2.0,2.0,1.3,4.0,1.3,3.0,1.0,2.0,1.0,2.3,1.3,2.3,1.7,1.0,1.7,1.3,3.7,1.0,3.7,1.3,2.3,1.7,2.0,2.3,1.3,2.3,1.7,1.3,3.7,3.3,2.0,2.0,3.7
91,WU,1.7,1.0,1.0,WU,1.0,1.0,1.0,2.0,1.3,1.3,3.0,0.0,W,WU,WU,0.0,0.0,0.0,1.0,WU,WU,4.0,3.0,3.7,3.7,3.7,4.0,3.7,3.7,3.7,3.7,4.0,2.7,4.0,3.0,3.7,4.0,3.7,3.7,3.7
92,1.0,1.3,1.0,1.0,1.0,2.0,3.0,2.0,2.0,1.0,2.0,3.3,1.3,2.0,2.7,1.3,1.0,2.0,1.3,2.3,1.0,1.0,1.7,1.3,1.0,2.7,1.0,2.0,3.3,2.0,1.7,1.3,1.3,1.7,1.7,1.7,3.7,3.7,2.7,2.0,2.7
93,4.0,3.3,4.0,3.3,3.7,4.0,3.7,4.0,3.7,4.0,3.7,4.0,4.0,4.0,3.3,4.0,4.0,4.0,4.0,4.0,4.0,3.7,4.0,3.7,3.7,3.7,4.0,3.3,4.0,4.0,4.0,4.0,3.7,4.0,3.7,3.3,4.0,4.0,4.0,3.7,4.0
94,1.7,1.0,1.3,1.0,1.3,1.3,1.3,1.0,2.0,3.0,1.3,3.3,1.3,2.0,1.3,1.7,3.0,1.3,1.3,3.3,1.0,1.0,1.3,1.0,2.7,2.3,1.3,1.3,1.3,1.3,1.0,1.7,1.0,1.7,1.7,2.0,2.3,3.0,1.7,1.7,3.0
95,4.0,2.7,4.0,3.7,4.0,4.0,4.0,4.0,4.0,4.0,4.0,4.0,4.0,3.7,4.0,4.0,4.0,4.0,4.0,4.0,4.0,4.0,4.0,3.7,3.3,4.0,4.0,4.0,4.0,4.0,4.0,4.0,4.0,3.7,4.0,3.7,4.0,4.0,4.0,3.7,4.0
96,4.0,3.0,4.0,3.0,4.0,4.0,4.0,4.0,4.0,4.0,3.7,4.0,3.7,4.0,4.0,4.0,4.0,4.0,4.0,4.0,4.0,4.0,4.0,4.0,3.7,4.0,4.0,4.0,4.0,4.0,3.7,4.0,3.7,4.0,4.0,3.7,4.0,4.0,4.0,4.0,4.0
97,4.0,2.7,4.0,3.7,2.7,3.7,2.7,3.7,3.7,3.7,2.0,4.0,3.7,3.3,3.7,3.7,3.0,3.7,2.3,3.7,3.0,3.0,3.0,2.7,3.7,2.3,3.7,1.7,3.0,4.0,3.3,3.3,2.0,3.3,2.3,2.3,3.7,4.0,3.7,3.7,3.7
98,4.0,3.3,4.0,4.0,4.0,4.0,3.7,4.0,4.0,4.0,4.0,4.0,4.0,4.0,4.0,4.0,4.0,4.0,3.7,4.0,4.0,4.0,4.0,3.7,4.0,4.0,4.0,4.0,4.0,4.0,4.0,4.0,4.0,4.0,4.0,3.7,4.0,4.0,4.0,4.0,4.0
99,2.3,2.0,3.7,2.7,2.7,1.7,1.0,2.7,2.3,2.0,1.0,4.0,3.7,3.7,3.7,1.7,2.3,2.7,2.3,4.0,1.7,1.3,2.3,1.0,2.3,1.3,2.3,1.3,4.0,2.3,3.3,2.0,1.3,2.7,1.3,1.7,3.7,3.3,2.0,1.0,3.3
100,4.0,2.3,3.7,2.0,4.0,4.0,4.0,4.0,3.7,4.0,4.0,4.0,3.3,4.0,4.0,4.0,4.0,4.0,4.0,4.0,4.0,4.0,4.0,3.7,3.7,3.7,3.7,3.7,4.0,3.7,3.7,3.7,4.0,3.7,3.7,3.0,4.0,4.0,3.7,3.7,4.0
101,1.0,1.7,1.3,1.0,2.7,1.0,1.7,1.7,1.7,2.0,1.0,1.0,1.0,2.3,1.3,2.7,1.3,1.0,1.0,1.0,1.0,2.7,1.3,2.7,1.0,1.0,2.3,4.0,1.0,3.7,3.0,2.7,1.3,2.7,2.3,1.0,1.0,1.7,1.7,1.3,1.7
102,3.7,2.0,3.7,2.7,2.0,2.7,3.7,3.7,2.3,3.7,2.3,4.0,2.3,3.7,3.0,3.7,2.7,3.7,2.0,3.7,3.3,3.7,2.7,3.0,3.7,2.3,3.3,2.0,3.7,3.0,2.7,3.3,2.7,3.0,3.7,3.0,3.7,4.0,3.7,2.7,3.7
103,3.3,2.7,3.7,3.3,2.7,3.7,3.3,3.3,3.7,4.0,2.3,3.7,3.0,3.7,1.7,3.7,3.3,3.7,3.7,2.3,3.0,3.3,3.0,1.7,3.3,3.7,3.7,2.3,3.7,3.3,3.7,3.7,3.0,3.0,3.3,3.0,3.7,4.0,3.7,3.7,3.7
104,4.0,1.3,4.0,2.3,4.0,3.7,3.3,4.0,3.7,4.0,3.3,4.0,4.0,4.0,4.0,4.0,3.3,4.0,4.0,4.0,3.7,4.0,4.0,2.7,3.3,4.0,4.0,4.0,4.0,4.0,3.7,3.7,3.0,4.0,3.7,3.7,4.0,4.0,4.0,4.0,4.0
105,4.0,1.7,4.0,2.3,1.0,3.7,2.0,3.7,4.0,3.7,2.3,3.7,3.0,4.0,3.7,3.7,3.7,4.0,3.7,4.0,3.0,3.3,3.0,2.0,3.3,2.3,3.3,2.7,2.7,3.7,2.7,3.3,3.0,3.0,3.0,2.0,2.7,3.7,3.3,3.7,4.0
106,1.3,1.0,1.7,1.0,1.0,1.3,1.7,2.0,3.0,2.0,1.0,3.0,1.0,2.7,1.0,2.7,1.0,1.3,1.0,1.3,1.0,2.0,1.7,1.3,2.7,1.0,2.0,1.0,1.7,1.7,1.3,1.7,1.3,1.0,1.7,1.3,3.7,3.7,2.3,1.7,3.3
107,3.7,3.7,4.0,4.0,4.0,4.0,4.0,4.0,4.0,3.7,4.0,4.0,4.0,4.0,4.0,4.0,4.0,4.0,4.0,4.0,4.0,4.0,4.0,3.7,4.0,4.0,4.0,4.0,4.0,4.0,4.0,4.0,4.0,4.0,4.0,3.3,4.0,4.0,4.0,3.7,4.0
108,3.7,2.0,4.0,3.7,3.3,3.7,1.3,3.7,4.0,3.7,1.7,4.0,3.0,3.7,4.0,3.7,1.7,3.7,2.3,4.0,2.7,3.3,2.7,1.7,3.7,2.3,3.0,2.7,3.7,3.7,2.3,3.3,1.7,3.0,2.7,2.7,3.7,4.0,3.7,3.7,4.0
109,2.3,1.3,2.3,1.7,1.7,2.7,1.7,1.3,3.3,2.3,1.0,4.0,2.0,3.3,1.7,3.0,1.3,3.0,1.7,1.0,1.7,1.3,3.0,2.3,2.7,3.0,2.7,1.0,1.7,3.0,2.7,2.3,2.0,1.7,2.0,1.7,3.7,3.7,2.7,1.3,2.7
110,4.0,2.7,3.3,3.7,3.7,4.0,3.7,3.7,4.0,4.0,3.3,4.0,3.7,4.0,3.7,4.0,3.7,4.0,3.7,4.0,3.7,4.0,4.0,2.3,4.0,3.7,4.0,3.0,4.0,4.0,4.0,3.7,3.3,3.7,3.7,3.7,4.0,4.0,3.7,4.0,4.0
111,3.7,1.7,4.0,3.0,4.0,4.0,2.3,4.0,3.7,3.7,3.0,4.0,4.0,4.0,4.0,4.0,3.7,4.0,2.7,4.0,3.3,3.7,3.7,1.3,3.7,3.3,3.7,2.7,4.0,3.7,3.3,3.7,2.3,3.7,3.7,2.7,3.7,4.0,3.7,3.0,3.7
112,3.0,1.7,3.7,2.3,2.0,1.7,1.0,2.3,2.7,3.3,1.0,4.0,1.0,3.7,2.0,2.0,1.0,1.3,1.0,1.7,1.0,1.0,2.0,2.7,2.3,1.0,2.0,1.3,2.0,1.7,1.0,1.7,1.0,1.7,1.7,1.3,3.3,3.7,2.7,1.7,3.3
113,4.0,1.3,3.7,1.3,4.0,3.7,1.3,3.7,3.7,2.3,3.3,4.0,2.7,3.3,3.7,3.0,2.7,3.7,3.7,1.7,2.3,2.7,3.7,1.7,3.3,3.0,3.7,1.7,4.0,3.0,3.0,3.0,2.0,3.0,2.0,2.3,4.0,4.0,3.3,3.3,3.7
114,2.3,1.7,1.3,2.0,1.7,3.0,1.3,2.0,2.0,1.7,3.3,2.7,1.7,2.3,1.3,2.0,1.0,1.7,1.0,1.0,1.0,1.3,1.3,1.0,2.0,2.3,2.0,1.0,1.7,1.3,4.0,1.7,1.3,1.0,1.3,1.7,3.0,3.7,2.0,2.0,3.7
115,2.7,2.7,2.0,2.7,2.3,2.3,1.3,2.3,3.7,2.0,2.7,4.0,1.3,3.7,1.7,3.3,1.0,2.0,1.0,2.3,1.3,1.3,1.7,1.7,3.7,2.7,3.7,1.3,2.7,2.7,1.7,2.7,1.7,3.0,2.7,2.0,3.7,4.0,2.7,3.3,4.0
116,3.7,2.0,3.7,3.3,3.3,4.0,1.3,3.7,3.7,3.3,2.7,3.7,2.0,3.7,3.7,3.7,3.7,4.0,2.7,4.0,3.7,2.7,2.7,1.3,2.7,2.3,2.7,1.7,3.0,2.3,2.0,3.3,1.7,2.7,2.0,1.7,4.0,3.7,3.7,2.7,3.7
117,3.0,1.7,1.7,2.0,1.0,2.3,1.0,2.7,3.7,1.7,1.0,4.0,1.0,2.7,1.3,2.0,3.3,1.0,1.0,1.3,1.7,2.3,1.0,1.3,3.7,1.0,1.7,1.0,2.7,1.0,1.3,2.0,1.3,1.3,1.3,1.7,3.0,3.7,1.7,2.7,3.3
118,3.7,1.3,3.7,3.0,3.7,3.7,2.7,3.7,3.7,3.7,1.7,3.7,3.3,4.0,4.0,4.0,2.7,3.3,2.3,3.7,3.3,3.7,3.7,1.7,3.3,3.7,3.7,2.3,4.0,4.0,3.0,3.7,2.3,3.7,3.3,2.7,3.0,4.0,3.0,3.7,4.0
119,1.0,3.7,1.0,1.7,2.3,1.7,1.3,2.0,1.3,2.0,2.3,3.7,1.7,3.3,1.3,1.7,1.0,1.3,1.7,1.7,1.0,1.0,2.7,2.3,3.0,3.0,2.0,1.0,1.7,3.0,2.7,1.7,1.3,1.3,1.3,1.3,3.7,3.7,2.3,2.3,2.3
120,3.0,2.7,2.3,1.7,4.0,3.7,2.3,2.3,2.7,3.3,1.3,3.3,1.3,3.0,2.0,2.7,1.0,2.3,1.3,3.0,3.0,1.0,3.7,1.3,3.0,2.0,2.7,1.0,3.7,3.0,4.0,1.7,2.3,1.7,1.3,2.0,3.7,3.7,3.0,2.7,2.7
121,2.3,3.0,2.7,1.7,1.3,2.7,2.3,2.3,2.7,3.3,2.7,4.0,1.0,2.0,1.7,1.3,1.0,2.3,1.7,1.3,1.0,1.3,1.3,2.0,3.0,1.0,2.3,1.3,1.7,1.7,1.3,1.7,1.7,1.0,1.3,1.0,3.7,3.3,2.0,1.7,2.0
122,3.3,2.7,3.3,2.7,1.0,3.7,2.3,3.7,3.7,3.7,1.7,4.0,3.3,2.7,3.7,3.7,2.3,3.7,3.3,3.7,3.3,3.7,3.3,2.7,3.7,3.3,3.0,2.7,3.0,3.0,2.7,3.7,2.7,3.0,2.7,3.0,3.7,4.0,2.7,3.0,3.7
123,2.7,1.0,2.3,2.3,1.0,3.3,2.3,3.3,3.3,2.7,3.3,3.0,3.7,2.7,1.3,3.7,2.3,4.0,2.7,3.7,3.0,1.7,3.3,1.0,2.3,1.3,2.3,1.3,2.7,1.3,1.7,3.3,1.3,2.0,2.7,1.7,3.7,3.7,2.0,2.3,3.0
124,3.7,3.3,3.7,3.0,4.0,4.0,3.3,3.7,3.7,4.0,3.3,4.0,4.0,3.7,3.3,4.0,3.7,4.0,3.7,4.0,3.7,3.7,4.0,2.0,3.7,3.7,3.7,2.7,4.0,4.0,3.7,3.3,3.3,3.7,4.0,2.7,3.7,4.0,3.7,3.3,4.0
125,3.7,1.3,3.7,1.0,4.0,2.7,1.0,3.3,3.7,3.7,1.3,4.0,4.0,3.7,3.7,2.7,1.7,2.3,2.7,3.7,2.3,2.3,3.7,1.3,3.0,2.7,3.0,2.0,4.0,3.7,3.3,2.3,2.0,2.0,2.0,2.0,3.7,4.0,3.7,3.0,3.7
126,3.7,1.0,3.7,3.0,3.3,4.0,1.3,3.7,3.7,3.7,1.3,4.0,2.7,3.7,2.0,2.7,2.3,2.7,1.7,3.7,2.7,2.0,3.0,1.0,2.7,1.3,2.7,1.7,2.7,2.7,2.0,3.0,1.7,2.0,2.0,1.7,3.3,3.7,2.3,1.7,3.7
127,3.3,2.7,4.0,3.0,3.0,3.7,1.3,3.7,3.0,3.0,1.7,3.7,3.7,3.7,3.7,3.7,3.3,2.7,3.7,2.7,3.7,3.0,3.7,2.7,3.7,2.7,3.0,1.3,3.7,3.3,2.7,2.7,2.3,3.3,3.3,2.3,3.0,4.0,3.7,3.3,3.7
128,3.7,2.0,2.7,3.0,2.0,4.0,3.3,3.7,3.7,2.7,4.0,3.7,2.7,4.0,1.7,3.7,2.7,3.7,2.3,3.3,2.7,2.0,3.0,2.0,3.7,2.0,2.7,2.0,4.0,3.0,2.7,3.7,2.3,2.0,3.0,2.7,4.0,4.0,2.7,3.0,3.7
129,2.0,1.0,2.7,1.7,1.3,3.0,1.3,2.0,2.0,1.7,1.3,4.0,1.3,3.3,2.7,3.0,1.0,2.7,2.0,2.3,1.0,1.3,2.0,2.0,3.3,1.3,3.3,1.3,4.0,1.7,1.7,2.7,1.3,1.7,1.3,1.7,3.7,3.3,2.0,2.3,3.3
130,3.3,1.7,2.7,1.3,2.7,3.3,1.3,3.7,3.0,3.7,2.0,4.0,2.7,3.0,2.7,3.0,1.7,3.3,2.7,3.0,2.0,2.7,3.3,1.7,3.0,1.7,3.3,1.7,3.7,3.3,1.3,1.3,1.7,2.3,1.7,2.0,4.0,3.7,2.7,2.0,3.7
131,3.7,1.7,3.3,2.7,1.3,3.7,1.7,3.3,3.7,3.7,1.7,3.7,3.7,3.3,2.3,3.0,2.3,2.7,1.3,2.7,1.7,2.7,2.3,1.3,2.7,3.0,3.3,1.7,4.0,2.7,3.3,3.0,1.7,2.7,2.0,2.0,3.7,4.0,2.7,2.7,3.7
132,3.7,2.0,2.7,1.0,1.0,2.7,2.0,2.7,3.7,3.7,1.0,3.7,2.3,3.0,2.7,2.7,1.3,3.0,1.7,1.7,1.3,2.3,2.0,1.0,2.7,1.3,3.7,1.3,3.7,2.0,1.3,3.0,1.3,2.0,1.7,1.7,3.7,3.7,2.0,1.3,3.7
133,2.7,1.7,1.7,1.0,1.7,3.7,2.3,1.3,1.3,2.3,1.0,3.7,2.7,2.7,1.0,3.0,3.0,3.0,2.3,4.0,2.0,2.7,3.0,1.7,2.7,1.3,2.7,1.0,3.7,2.7,1.7,2.3,2.0,2.0,2.0,2.0,3.7,3.7,2.3,2.0,3.3
134,3.7,1.3,3.3,1.0,2.0,3.3,2.3,3.0,3.0,3.0,3.7,3.0,1.3,2.3,2.3,3.7,2.7,3.7,2.0,3.0,1.3,1.7,2.7,1.3,2.7,1.3,3.7,1.3,3.7,3.0,1.7,2.7,1.3,2.3,2.0,1.7,3.7,3.3,2.0,2.3,3.0
135,3.7,1.3,3.7,1.3,3.0,4.0,2.0,3.7,3.7,4.0,2.3,3.7,4.0,3.3,2.3,3.3,2.3,3.7,3.3,3.7,2.0,2.0,2.3,1.3,2.3,1.3,3.7,1.3,3.7,3.0,2.3,2.7,1.3,2.3,1.3,1.3,3.0,3.7,2.3,2.3,2.7
136,1.0,1.3,1.7,1.0,1.7,1.7,1.0,1.7,2.7,1.7,1.0,2.3,1.3,2.0,1.0,1.3,1.7,1.0,1.7,2.3,1.0,1.0,2.0,1.3,1.7,1.0,1.3,1.3,3.0,1.7,1.0,1.0,1.7,1.7,1.3,1.7,3.7,3.7,2.0,1.0,2.7
137,1.7,2.3,WU,WU,WU,3.0,WU,WU,3.7,2.3,WU,3.7,3.7,4.0,3.7,3.7,3.7,3.7,2.0,3.7,3.7,3.7,4.0,3.0,3.7,3.7,3.7,4.0,3.7,3.7,3.7,3.7,4.0,2.7,4.0,3.0,3.7,4.0,3.7,3.7,3.7
138,1.3,1.3,2.0,1.3,1.0,1.7,1.3,1.0,1.3,1.3,1.7,3.7,1.0,1.3,1.0,1.0,1.0,1.3,1.7,1.3,1.0,2.7,1.7,1.3,2.3,1.0,1.7,1.3,2.0,1.0,2.0,3.7,1.7,2.3,1.7,1.0,3.3,2.7,2.0,1.3,3.0
139,1.3,1.0,2.0,1.7,1.0,1.0,1.0,1.3,2.3,1.0,1.7,3.7,1.0,2.0,1.0,1.3,3.0,1.7,1.3,1.3,1.7,1.0,4.0,1.0,1.0,1.0,1.0,1.0,1.0,1.0,1.0,1.0,1.3,2.3,1.0,1.3,2.7,3.0,1.3,1.3,2.7
140,4.0,2.7,3.3,3.0,3.7,3.7,4.0,4.0,4.0,1.7,3.7,3.7,2.0,3.7,2.7,2.7,4.0,3.7,2.7,4.0,3.0,2.7,3.0,2.3,2.7,3.7,3.0,3.0,3.7,4.0,3.7,3.3,2.7,3.0,3.7,2.3,3.7,4.0,4.0,3.7,4.0
141,1.3,3.3,1.0,2.0,1.0,2.3,2.7,1.0,2.0,1.0,1.0,2.7,1.0,1.3,1.3,1.3,1.0,1.0,1.0,1.3,1.3,2.7,2.7,1.7,2.0,1.0,3.7,2.3,1.0,2.7,1.7,1.0,2.0,1.7,1.3,1.3,1.3,2.0,1.7,3.0,2.3
142,2.3,2.7,3.0,3.7,4.0,3.7,2.0,WU,3.7,3.7,1.3,3.7,3.7,4.0,3.7,3.7,3.7,3.7,2.0,3.7,3.7,3.7,4.0,3.0,3.7,3.7,3.7,4.0,3.7,3.7,3.7,3.7,4.0,2.7,4.0,3.0,3.7,4.0,3.7,3.7,3.7
143,1.0,1.0,WU,WU,WU,1.0,WU,WU,1.0,WU,WU,3.7,3.7,4.0,3.7,3.7,3.7,3.7,2.0,3.7,3.7,3.7,4.0,3.0,3.7,3.7,3.7,4.0,3.7,3.7,3.7,3.7,4.0,2.7,4.0,3.0,3.7,4.0,3.7,3.7,3.7
144,4.0,3.7,4.0,4.0,4.0,4.0,4.0,3.7,4.0,3.7,4.0,4.0,4.0,4.0,4.0,4.0,4.0,4.0,4.0,4.0,3.7,4.0,4.0,3.7,3.0,4.0,4.0,4.0,4.0,4.0,4.0,4.0,3.7,4.0,4.0,3.7,3.7,4.0,4.0,3.7,4.0
145,4.0,4.0,4.0,4.0,4.0,4.0,4.0,4.0,3.0,4.0,4.0,4.0,4.0,4.0,4.0,4.0,3.7,3.7,4.0,3.7,4.0,3.7,3.7,3.0,3.3,4.0,4.0,4.0,4.0,4.0,4.0,4.0,3.7,4.0,4.0,3.7,3.7,4.0,4.0,4.0,3.7
146,3.7,2.3,4.0,3.7,2.7,4.0,3.0,2.3,3.0,1.7,4.0,3.3,3.7,4.0,4.0,2.3,2.3,1.3,2.3,3.7,2.3,2.7,2.7,2.7,3.7,2.0,3.7,3.7,4.0,3.3,3.7,3.7,2.0,3.7,3.7,3.7,3.7,4.0,3.7,3.0,3.7
147,3.7,3.7,3.7,1.7,2.3,4.0,3.3,3.3,3.7,1.0,3.7,3.7,3.7,3.0,1.7,2.7,1.3,2.0,1.7,2.7,1.3,2.0,1.3,2.0,2.3,1.7,3.0,2.7,3.3,2.7,3.3,3.7,1.7,1.7,1.3,1.3,3.7,3.7,2.0,2.0,3.3
148,4.0,3.7,4.0,4.0,3.0,3.7,3.7,3.3,3.0,4.0,4.0,3.7,4.0,4.0,3.7,3.7,3.7,3.7,3.7,3.7,3.7,3.7,3.3,2.7,3.3,3.7,3.7,3.7,3.7,3.0,4.0,4.0,3.7,3.7,3.3,3.3,3.7,4.0,3.7,3.0,3.7
149,4.0,3.3,4.0,4.0,3.7,4.0,3.7,3.3,3.7,4.0,4.0,3.7,3.7,4.0,2.7,3.0,2.7,3.7,3.7,3.7,2.7,2.7,1.0,2.3,3.7,2.7,3.7,4.0,4.0,3.0,3.7,3.7,2.7,3.0,2.3,2.3,3.7,4.0,3.7,3.0,3.7
150,4.0,2.7,4.0,4.0,3.3,4.0,3.7,3.0,3.7,3.0,4.0,3.7,3.0,4.0,4.0,3.7,1.7,3.0,2.7,3.7,2.7,3.3,3.7,2.3,3.7,3.3,4.0,4.0,3.7,3.3,3.7,4.0,2.3,4.0,3.7,3.3,3.7,4.0,3.7,3.7,3.7
151,3.7,2.3,3.7,3.7,2.7,4.0,2.7,1.7,2.0,2.7,3.7,3.3,2.0,3.3,2.7,1.7,1.3,2.0,2.7,3.0,1.7,2.0,1.7,2.7,2.3,2.3,2.7,2.3,3.7,3.3,3.3,3.7,1.3,2.3,2.7,1.7,3.7,3.7,3.7,1.3,2.0
152,3.7,3.7,4.0,4.0,3.7,4.0,4.0,2.3,4.0,3.3,4.0,3.7,4.0,4.0,3.7,3.7,2.0,3.7,2.3,3.7,2.7,2.3,1.0,3.3,1.7,3.0,3.3,4.0,3.7,3.3,3.7,3.7,3.3,2.7,3.0,3.3,3.7,4.0,3.7,2.3,3.7
153,4.0,3.0,3.7,3.0,3.3,3.7,1.7,3.7,3.3,1.7,4.0,3.0,2.3,3.7,2.3,2.7,1.7,1.7,2.7,3.3,1.3,2.7,1.0,2.7,3.3,2.7,3.7,3.0,3.7,3.3,3.7,3.7,2.0,2.0,3.0,2.3,3.7,4.0,2.7,2.3,3.3
154,3.7,3.7,3.7,2.7,3.0,3.7,2.7,3.7,3.3,1.0,3.7,3.0,2.0,4.0,2.0,1.7,3.7,1.3,1.0,3.7,1.3,1.3,1.0,1.7,3.7,1.3,3.3,1.7,3.3,2.3,3.3,3.7,1.3,2.0,1.3,2.3,3.3,4.0,1.7,2.7,3.0
155,3.7,3.7,4.0,4.0,3.7,4.0,3.7,3.3,2.0,3.0,4.0,4.0,3.7,3.7,1.3,3.7,1.7,3.3,3.7,3.7,3.3,3.0,2.3,3.3,3.3,3.7,3.7,3.3,4.0,3.3,3.7,3.7,3.0,2.7,2.3,2.0,3.7,4.0,3.0,2.0,4.0
156,4.0,3.7,3.7,4.0,3.7,4.0,4.0,3.7,3.7,3.7,4.0,3.3,4.0,4.0,3.7,4.0,3.7,3.7,3.7,3.7,3.7,3.7,2.7,3.0,3.0,4.0,3.7,3.7,3.3,3.0,4.0,4.0,3.7,3.7,3.3,3.0,3.7,3.7,3.7,2.3,3.7
157,3.7,2.7,3.7,4.0,2.7,4.0,3.0,3.3,3.0,3.3,3.7,3.7,3.7,3.7,2.7,3.7,3.3,3.7,3.3,3.7,3.3,3.7,2.0,3.0,3.3,2.3,3.0,3.7,3.7,3.7,3.3,3.3,1.7,2.7,2.3,2.3,3.7,3.7,2.7,2.0,3.7
158,3.7,3.7,3.7,4.0,3.7,4.0,3.7,3.7,2.7,2.7,3.7,2.7,2.3,4.0,1.3,3.7,2.0,3.3,2.0,4.0,3.7,2.7,3.0,1.7,3.7,2.0,3.3,3.0,3.7,3.3,3.7,3.7,1.3,2.7,2.7,2.7,3.7,4.0,3.0,2.3,3.7
159,4.0,1.3,3.7,4.0,3.7,4.0,4.0,4.0,3.3,3.0,4.0,3.7,4.0,4.0,4.0,4.0,4.0,3.3,3.7,4.0,3.3,4.0,3.7,2.7,3.3,3.7,4.0,4.0,4.0,3.0,4.0,4.0,3.7,4.0,4.0,3.3,3.7,4.0,4.0,3.7,4.0
160,4.0,4.0,4.0,3.3,4.0,4.0,3.3,3.0,2.3,3.3,4.0,3.7,3.0,4.0,1.3,3.7,1.7,3.0,3.0,3.3,3.7,3.7,2.7,3.0,3.7,3.7,3.7,2.7,3.7,2.7,4.0,3.3,2.0,3.0,2.7,2.3,3.7,3.7,3.7,2.3,3.3
161,4.0,3.7,3.7,3.3,3.7,4.0,3.7,3.0,2.7,3.7,4.0,3.7,4.0,4.0,2.7,3.7,3.7,3.7,3.7,3.7,3.7,3.3,2.3,2.7,2.0,4.0,4.0,3.7,3.7,3.7,3.7,3.7,3.7,4.0,3.7,1.3,3.7,3.7,3.7,2.3,3.0
162,4.0,2.7,4.0,4.0,3.0,4.0,3.7,3.7,4.0,3.7,4.0,3.7,3.7,4.0,4.0,3.7,2.7,2.7,3.7,3.7,3.3,3.7,3.0,2.7,2.0,3.7,4.0,4.0,4.0,3.0,4.0,4.0,3.3,4.0,3.7,2.7,3.7,4.0,3.7,2.7,3.7
163,4.0,2.7,3.3,4.0,3.0,4.0,4.0,2.7,3.0,2.7,4.0,3.7,3.7,4.0,3.7,3.3,1.7,2.7,2.0,3.7,3.0,3.0,2.7,2.7,2.7,3.0,3.3,3.7,4.0,3.3,3.7,3.7,2.0,3.3,3.0,2.3,3.7,3.7,3.0,2.0,3.7
164,4.0,3.3,3.0,3.0,3.7,4.0,3.3,2.3,3.3,2.7,3.7,3.0,2.7,4.0,2.7,3.7,2.0,2.7,2.3,3.7,2.0,2.0,2.0,2.0,2.3,2.3,3.3,2.7,2.3,3.0,3.0,3.7,2.0,2.0,2.7,2.3,3.7,3.7,2.7,2.3,3.7
165,4.0,3.7,4.0,4.0,3.7,4.0,4.0,2.7,3.3,3.7,4.0,4.0,3.7,4.0,4.0,4.0,3.7,3.3,3.7,3.7,3.3,3.3,2.0,2.3,3.3,3.7,3.7,3.7,3.7,3.7,4.0,3.7,3.3,3.7,3.3,3.0,3.7,4.0,3.7,3.7,4.0
166,4.0,3.3,4.0,4.0,3.7,4.0,4.0,2.3,3.3,3.7,4.0,4.0,3.7,4.0,4.0,4.0,3.0,3.7,3.3,4.0,3.3,3.7,2.7,3.3,2.7,3.7,4.0,3.7,3.7,3.7,3.7,3.7,3.3,4.0,3.7,3.7,3.7,4.0,3.7,3.7,4.0
167,4.0,3.7,3.7,2.3,3.7,3.7,3.7,3.0,3.3,3.7,3.7,3.7,2.7,3.7,2.0,3.7,1.7,3.0,2.7,3.3,2.7,3.7,1.7,2.3,2.7,3.0,3.7,3.7,3.3,2.7,3.7,4.0,2.7,3.3,3.7,1.7,3.7,3.7,3.3,2.7,4.0
168,4.0,2.3,3.7,4.0,2.3,3.7,3.0,2.0,3.3,1.3,4.0,3.7,3.0,4.0,3.7,2.3,1.3,1.3,1.7,2.7,1.7,3.3,1.7,2.7,3.3,2.0,3.7,3.7,4.0,2.7,3.3,3.7,1.7,2.7,3.7,3.0,3.7,4.0,2.7,2.7,4.0
169,3.3,3.7,3.7,3.7,3.7,3.7,2.7,3.3,2.7,3.0,4.0,3.0,3.7,4.0,3.3,3.7,2.7,3.3,3.7,3.7,2.3,2.3,1.7,2.3,2.7,3.0,3.7,3.7,3.0,3.7,3.0,3.7,3.0,3.0,3.3,1.7,3.7,3.7,3.7,3.0,3.3
170,4.0,4.0,3.7,4.0,3.7,4.0,4.0,3.7,2.3,4.0,4.0,3.7,4.0,4.0,3.7,4.0,4.0,3.7,4.0,3.7,3.7,3.3,3.7,3.7,2.7,4.0,4.0,4.0,3.7,3.7,4.0,4.0,3.3,4.0,4.0,3.0,3.7,3.7,4.0,3.7,3.7
171,2.7,2.3,3.7,3.7,2.7,4.0,2.0,2.7,2.7,1.3,3.7,2.3,1.3,2.7,1.0,4.0,3.0,4.0,1.0,2.0,1.0,2.7,1.0,1.7,2.0,1.3,2.7,1.0,1.3,2.0,3.7,2.7,2.3,1.0,1.3,2.0,3.7,3.7,1.3,1.0,3.0
172,3.7,1.7,2.7,3.7,2.3,3.7,3.0,2.3,3.7,2.0,3.7,2.3,3.0,4.0,1.7,3.0,2.3,1.7,2.0,3.3,1.7,3.7,2.7,2.7,2.0,2.7,3.7,2.7,3.7,2.7,3.7,3.7,2.7,2.7,3.3,2.7,3.3,4.0,2.3,3.3,4.0
173,2.0,3.0,3.0,1.3,2.7,3.7,1.7,1.3,1.7,1.0,3.0,3.7,1.0,3.7,1.0,2.0,1.0,1.3,1.3,2.7,1.3,1.3,1.3,2.7,2.7,1.7,3.0,2.7,2.7,2.3,3.3,3.3,3.7,1.7,2.3,2.0,3.7,4.0,2.3,2.7,3.7
174,4.0,3.0,4.0,4.0,3.7,4.0,3.7,3.7,4.0,3.7,4.0,3.7,4.0,4.0,3.7,4.0,3.3,3.7,3.7,3.7,3.3,3.7,3.3,3.0,2.7,3.7,4.0,4.0,4.0,3.7,3.7,4.0,3.7,3.7,3.7,3.7,3.7,4.0,3.7,3.7,4.0
175,3.7,2.3,3.7,4.0,3.0,4.0,3.7,3.0,3.7,2.7,4.0,3.7,3.7,4.0,4.0,3.7,2.3,3.0,2.3,4.0,2.7,3.3,1.0,2.3,3.7,2.3,3.7,3.7,4.0,3.7,3.3,3.7,2.7,2.7,3.0,3.0,3.7,4.0,3.7,1.7,4.0
176,3.7,2.0,3.3,3.0,3.3,4.0,3.7,3.0,3.7,1.3,4.0,2.0,3.7,3.7,3.3,2.3,1.7,1.7,1.3,3.7,1.3,2.0,1.3,1.3,3.0,1.3,2.0,2.3,3.7,3.3,3.0,3.0,1.3,1.3,1.3,1.0,3.0,3.3,2.0,1.3,3.3
177,4.0,2.7,3.3,4.0,3.7,4.0,4.0,3.3,3.3,3.7,4.0,3.7,4.0,3.7,3.7,3.7,2.7,3.0,3.7,4.0,3.3,3.7,2.7,2.0,2.0,3.7,3.3,3.7,3.7,3.3,3.7,3.7,2.0,2.3,3.3,2.7,3.7,3.7,3.7,2.7,4.0
178,4.0,3.7,3.7,4.0,3.3,4.0,3.7,3.0,3.7,3.7,3.7,2.0,3.7,3.7,3.0,3.0,3.7,3.3,3.0,3.7,3.3,2.7,2.7,1.3,3.0,1.7,3.0,2.7,3.7,3.3,2.3,3.0,1.7,1.7,1.7,2.3,3.7,3.7,3.3,1.7,3.7
179,3.7,3.3,2.7,4.0,3.3,3.7,3.3,3.0,2.0,3.7,4.0,3.0,3.7,3.7,2.3,3.7,1.7,3.0,2.0,3.7,2.7,2.3,1.7,1.7,1.7,2.7,3.0,4.0,3.7,3.3,2.3,3.7,2.0,3.3,3.7,2.3,3.7,3.7,2.7,3.3,3.0
180,3.7,3.3,3.0,3.7,3.0,3.7,2.7,3.0,2.3,2.7,4.0,3.7,3.7,3.3,2.3,2.7,1.3,2.3,1.7,3.7,2.0,2.7,1.0,2.7,2.7,1.3,3.0,2.0,3.0,3.7,2.7,3.7,1.7,1.7,2.7,1.7,3.7,4.0,2.3,2.0,3.3
181,2.0,3.7,1.7,4.0,3.7,3.0,3.7,3.7,1.7,3.7,4.0,2.3,3.7,3.7,2.7,3.7,3.7,3.7,3.0,3.7,3.7,2.0,4.0,2.3,2.0,2.0,3.3,3.3,2.0,3.3,2.3,3.7,2.3,2.0,2.7,1.3,3.7,3.7,3.7,2.0,3.3
182,4.0,3.7,3.7,4.0,4.0,3.7,4.0,3.0,3.7,3.7,4.0,3.7,4.0,4.0,4.0,3.7,3.3,3.7,3.7,3.7,4.0,3.7,3.3,3.0,3.7,3.7,3.7,4.0,4.0,4.0,3.7,4.0,2.7,4.0,4.0,3.3,4.0,3.7,3.7,3.7,3.7
183,3.7,1.3,2.7,2.3,2.3,3.0,1.3,1.7,1.7,1.3,3.3,3.7,2.3,3.3,1.7,1.7,1.3,1.7,1.3,3.7,1.3,1.7,3.7,2.0,2.7,1.3,2.7,1.7,3.3,2.3,2.7,3.7,1.0,3.7,1.7,2.7,3.3,3.3,1.3,1.0,3.0
184,3.7,3.3,3.7,3.7,3.3,3.7,3.3,2.7,3.0,1.7,4.0,3.7,2.7,4.0,2.0,3.3,1.7,2.7,1.7,3.7,2.7,2.3,1.3,2.7,3.0,2.3,3.7,3.0,3.0,3.0,3.3,3.7,1.0,2.3,2.3,3.0,3.7,4.0,2.0,3.0,3.7
185,4.0,3.3,3.7,4.0,3.7,3.7,3.7,2.7,2.7,3.7,4.0,4.0,4.0,3.7,3.7,3.7,3.0,3.7,3.7,4.0,3.7,2.7,2.7,2.7,3.7,3.7,4.0,4.0,3.7,3.0,3.7,4.0,3.7,4.0,4.0,2.7,3.7,3.7,3.7,3.7,3.7
186,2.7,2.0,2.7,2.3,2.0,2.7,1.3,1.3,2.0,1.0,2.3,1.3,1.0,2.0,1.0,1.0,2.0,1.3,1.3,2.7,1.3,2.3,3.7,2.0,2.0,1.7,1.3,1.0,2.7,2.3,2.7,2.0,3.3,1.0,3.0,2.0,3.0,3.3,2.7,1.3,2.3
187,3.0,3.7,3.3,2.7,3.0,3.7,3.3,3.3,1.3,3.0,3.0,2.3,1.3,4.0,1.0,3.0,1.3,3.7,2.7,3.7,3.7,2.3,1.3,1.7,3.0,2.3,3.7,2.0,2.7,3.7,3.7,3.7,2.7,2.3,3.3,2.3,3.7,3.3,3.0,3.0,3.0
188,2.3,3.7,3.3,2.7,2.0,3.7,3.3,1.7,2.0,1.7,3.7,2.0,1.3,4.0,1.3,3.3,1.3,3.0,3.3,2.0,3.3,2.0,1.7,2.3,3.7,2.3,3.0,2.0,2.7,2.3,2.7,3.7,2.0,2.7,2.3,1.3,3.0,3.7,2.3,2.3,3.0
189,3.0,2.0,2.7,3.7,1.3,3.3,2.0,1.0,2.7,1.3,3.3,1.7,2.0,2.7,1.0,2.0,1.3,1.0,1.7,2.3,1.7,1.7,1.3,1.7,2.7,1.7,2.7,2.7,2.3,2.3,3.7,3.3,1.3,2.3,3.0,2.0,3.7,3.7,2.0,2.7,3.0
190,2.0,3.0,1.7,2.0,1.7,3.7,1.3,1.0,1.7,1.7,2.0,2.3,1.0,2.3,1.7,1.7,1.3,1.3,1.7,2.7,2.7,1.0,3.7,2.0,2.3,1.7,2.7,1.3,1.3,2.3,2.7,2.7,3.0,1.0,2.0,1.3,3.7,3.3,1.7,1.7,2.7
191,3.7,3.3,2.7,2.7,2.3,3.7,3.0,3.0,1.7,2.7,3.3,2.0,2.7,4.0,2.0,3.0,2.0,1.3,1.3,3.0,1.3,2.3,2.3,3.0,2.7,1.3,2.7,2.7,3.0,2.7,3.7,3.3,1.3,2.0,2.7,1.0,3.3,3.0,2.3,1.3,2.7
192,4.0,4.0,4.0,4.0,4.0,4.0,4.0,3.7,3.7,4.0,4.0,4.0,4.0,4.0,3.3,4.0,4.0,4.0,4.0,3.7,4.0,4.0,4.0,3.3,3.7,4.0,4.0,4.0,4.0,4.0,4.0,4.0,4.0,4.0,4.0,3.0,3.7,3.7,4.0,3.7,3.7
193,4.0,4.0,3.7,4.0,4.0,4.0,4.0,3.3,3.7,4.0,4.0,4.0,4.0,4.0,3.7,4.0,4.0,4.0,4.0,4.0,4.0,3.7,2.7,3.0,3.7,4.0,4.0,4.0,4.0,3.7,3.7,4.0,3.7,4.0,4.0,3.7,3.7,4.0,3.7,3.7,4.0
194,3.3,3.0,3.3,3.0,2.7,4.0,3.3,1.7,3.0,3.0,3.7,3.7,2.7,2.7,1.0,1.3,1.0,2.7,1.3,2.7,1.7,1.3,3.0,1.3,2.3,1.0,1.0,1.7,3.7,2.0,1.3,1.7,2.0,1.3,1.0,1.0,3.7,2.7,1.7,3.3,2.0
195,4.0,3.7,4.0,4.0,3.3,4.0,4.0,4.0,3.3,3.7,4.0,4.0,4.0,4.0,3.7,4.0,3.7,3.3,3.7,4.0,3.7,3.7,2.0,3.0,3.7,3.7,4.0,4.0,3.7,3.7,3.7,4.0,3.7,4.0,3.7,3.0,3.7,3.7,3.7,3.7,4.0
196,4.0,4.0,3.3,4.0,3.7,3.7,3.7,3.7,3.3,3.7,4.0,3.7,3.7,3.7,3.0,3.7,3.3,3.7,3.7,4.0,2.7,3.0,2.7,3.3,3.0,3.7,3.3,3.7,3.3,4.0,3.3,4.0,2.3,2.7,3.3,2.0,3.7,3.7,3.7,3.3,3.7
197,3.7,4.0,4.0,4.0,3.7,4.0,3.7,2.0,2.7,3.3,4.0,4.0,3.7,4.0,3.0,3.7,2.7,3.0,3.0,3.3,3.0,3.0,3.7,2.7,3.7,2.3,3.7,3.7,3.3,3.7,3.7,4.0,2.7,3.7,3.0,3.3,3.7,4.0,3.3,3.3,3.7
198,2.0,3.0,3.7,1.3,2.3,3.7,1.7,1.0,1.7,1.0,3.0,1.3,1.0,2.0,1.0,1.3,2.7,1.0,2.0,1.7,2.3,1.0,3.3,2.0,2.0,1.0,2.7,3.0,1.7,2.0,2.3,2.7,2.0,1.3,1.3,1.0,2.7,3.7,1.3,1.0,2.7
199,2.7,3.7,3.0,2.7,2.3,4.0,2.7,2.3,2.3,2.0,3.7,3.0,2.0,3.7,2.3,2.7,1.7,2.3,2.7,3.3,1.7,1.7,1.3,2.0,1.7,2.3,2.7,2.7,3.3,3.0,3.0,3.7,1.7,2.0,3.0,2.3,3.7,3.7,3.0,2.0,3.3
200,4.0,2.3,3.7,3.7,3.7,4.0,3.0,2.7,2.3,3.0,2.7,1.7,2.0,2.0,2.3,3.3,1.7,2.0,2.0,2.7,2.7,1.7,1.3,2.0,3.3,1.7,3.0,1.7,3.7,2.7,2.7,3.7,1.7,1.7,1.7,1.3,3.7,3.7,1.7,1.3,2.7
201,3.7,3.7,3.7,4.0,3.7,3.7,3.3,1.7,2.7,2.3,4.0,2.3,1.3,4.0,2.0,2.7,1.7,2.3,3.0,3.7,2.7,2.7,2.0,3.0,3.7,2.7,3.0,2.3,3.7,3.0,3.3,3.7,2.3,2.3,2.7,3.0,3.7,4.0,3.3,2.3,3.3
202,4.0,3.7,4.0,4.0,4.0,4.0,4.0,2.7,3.3,4.0,4.0,3.7,3.7,4.0,4.0,4.0,2.3,4.0,4.0,4.0,4.0,3.7,2.7,3.0,3.7,4.0,3.7,3.0,4.0,3.7,4.0,3.7,3.0,3.7,3.3,2.7,4.0,4.0,3.3,3.3,3.3
203,4.0,2.0,4.0,4.0,2.7,4.0,3.7,3.0,3.0,2.7,4.0,3.7,4.0,4.0,3.7,3.0,2.3,2.7,2.0,4.0,3.7,3.0,3.3,3.7,3.3,3.3,3.3,4.0,3.7,3.7,3.0,3.7,2.3,3.7,3.7,2.7,3.7,4.0,3.7,2.7,3.3
204,4.0,3.7,3.7,4.0,3.0,3.7,3.7,3.0,3.7,3.3,4.0,3.7,3.3,4.0,3.7,3.7,2.3,3.0,2.3,3.7,3.7,3.3,3.7,1.3,3.7,2.3,3.7,1.7,2.7,2.0,3.7,2.0,4.0,2.7,3.3,3.0,3.3,2.3,2.3,2.3,4.0
205,4.0,2.0,3.7,4.0,2.3,3.7,2.0,1.7,3.0,1.7,4.0,2.7,2.3,3.7,1.3,2.3,1.7,2.0,2.0,3.0,2.3,1.7,1.7,2.0,2.0,1.0,2.3,1.7,3.3,2.0,2.3,3.3,1.0,1.3,2.0,1.7,3.7,3.7,1.7,1.0,2.3
206,3.0,1.7,3.0,4.0,2.0,4.0,3.3,2.7,2.7,2.7,4.0,3.7,3.0,4.0,2.3,3.3,2.0,2.7,3.0,3.0,1.7,3.7,2.7,1.7,2.3,2.7,3.3,3.7,3.7,3.3,3.0,3.7,3.0,2.0,4.0,3.7,3.0,4.0,3.7,3.7,3.3
207,4.0,4.0,3.7,4.0,3.3,4.0,3.7,2.7,3.7,3.7,4.0,3.3,4.0,4.0,3.7,3.7,2.3,3.3,3.3,3.7,3.7,3.3,3.3,3.0,2.7,3.7,3.3,4.0,4.0,3.7,3.7,4.0,3.0,4.0,3.7,3.3,3.7,4.0,3.7,3.3,3.7
208,4.0,3.7,4.0,4.0,3.7,3.7,3.7,3.3,3.7,3.3,4.0,4.0,4.0,4.0,4.0,4.0,2.7,3.7,4.0,3.7,4.0,4.0,4.0,3.3,3.7,4.0,4.0,4.0,4.0,3.7,3.7,4.0,3.7,3.7,4.0,3.7,3.7,4.0,4.0,3.7,4.0
209,3.3,2.3,3.7,4.0,3.0,3.7,2.7,2.7,2.0,2.7,3.7,1.7,3.7,3.3,3.0,2.7,1.3,2.0,2.0,3.7,2.7,3.0,3.7,2.0,3.7,1.7,3.3,2.3,4.0,2.0,3.0,3.3,1.3,2.3,3.0,2.3,4.0,3.7,3.0,2.0,3.7
210,1.0,1.0,1.0,1.3,1.3,3.3,1.0,1.0,1.7,1.0,1.3,1.0,1.3,1.7,1.0,1.3,2.0,1.0,1.7,1.0,1.3,2.7,4.0,1.3,1.0,1.3,1.3,3.0,1.3,1.7,1.7,2.0,1.7,1.7,2.3,2.0,1.3,2.0,2.7,1.7,2.3
211,4.0,2.7,3.3,4.0,2.0,3.7,4.0,2.7,3.0,3.3,4.0,3.7,4.0,4.0,4.0,4.0,3.7,3.7,4.0,3.7,3.7,4.0,3.7,3.0,2.7,3.7,3.7,4.0,4.0,4.0,3.7,4.0,3.3,3.3,4.0,3.7,3.7,4.0,4.0,3.7,4.0
212,3.3,3.7,3.3,3.7,3.3,3.7,2.3,3.0,2.0,2.3,4.0,3.0,1.3,4.0,1.7,2.7,1.3,2.0,1.7,3.3,2.0,1.7,1.0,2.7,1.7,2.0,2.3,3.0,2.7,2.7,3.3,3.7,1.7,2.3,3.7,2.3,3.7,3.7,2.7,2.7,3.7
213,4.0,3.3,4.0,4.0,2.7,3.7,3.7,3.0,3.3,3.7,4.0,3.7,3.7,3.7,3.7,3.3,2.0,2.3,3.0,3.7,2.7,3.0,1.7,2.7,3.7,3.0,3.3,3.3,3.7,3.3,3.7,3.7,1.7,3.0,3.7,3.3,3.7,4.0,3.7,3.3,3.7
214,2.7,2.7,3.0,1.0,1.3,3.3,2.3,1.7,2.0,1.0,3.3,2.7,1.0,3.3,1.0,1.7,2.7,1.7,1.3,1.7,1.3,1.3,3.7,2.0,3.0,1.0,2.7,1.7,1.3,2.0,2.3,3.3,1.3,1.3,1.7,1.7,3.7,3.7,1.7,1.0,3.7
215,3.7,3.3,4.0,4.0,3.7,3.7,4.0,3.3,2.3,4.0,4.0,3.3,3.7,4.0,2.0,3.3,1.7,3.0,2.7,3.7,3.7,2.7,3.0,2.3,3.7,2.3,3.7,2.3,3.0,2.7,3.3,3.3,1.7,2.7,1.7,2.0,3.7,3.0,2.0,2.3,3.7
216,2.7,3.7,3.7,4.0,2.0,3.7,3.7,3.7,2.3,2.0,3.7,3.7,3.7,3.7,3.3,2.7,2.3,1.7,3.3,3.7,2.3,2.0,2.7,1.3,3.7,2.7,3.3,2.3,3.7,2.3,3.3,3.3,2.7,2.7,2.0,1.7,3.7,3.7,1.7,3.3,3.7
217,1.3,2.0,2.3,1.0,1.0,3.3,1.7,1.7,3.7,1.3,2.3,1.3,1.0,2.0,1.0,1.0,1.7,1.3,1.7,1.3,2.0,1.0,2.7,1.0,2.3,1.0,2.3,1.3,1.0,1.3,2.0,2.0,1.3,1.7,2.7,2.0,3.0,3.7,2.0,1.0,3.7
218,2.7,2.7,3.7,3.7,3.0,3.7,3.7,3.7,3.3,1.7,4.0,4.0,3.3,4.0,1.7,2.7,2.0,2.7,2.7,3.7,1.7,3.3,1.3,2.0,3.7,2.7,3.3,3.3,3.7,2.3,3.7,3.7,2.0,2.7,3.7,1.7,2.3,3.7,2.7,2.3,3.7
219,4.0,2.7,3.7,4.0,3.7,4.0,4.0,3.0,3.7,2.7,4.0,3.7,3.0,4.0,3.7,3.0,1.3,2.7,2.3,3.7,2.7,3.7,2.7,2.3,3.7,3.0,3.7,3.3,3.7,3.7,3.7,4.0,2.0,3.7,4.0,2.3,3.3,4.0,2.7,3.3,4.0
220,2.3,3.7,3.7,4.0,2.0,4.0,3.0,3.3,3.0,2.0,4.0,3.7,3.7,4.0,2.7,2.0,1.3,1.7,2.7,2.7,2.7,2.3,3.7,2.0,3.7,2.7,3.7,2.3,3.7,2.3,3.7,3.3,2.0,3.0,3.7,2.3,3.7,4.0,2.7,3.3,3.7
221,1.7,1.7,3.3,1.3,1.3,3.3,1.7,1.7,3.0,1.3,3.3,2.7,1.0,2.7,1.7,1.7,1.3,1.0,1.3,2.7,1.3,1.3,3.7,2.0,3.7,1.0,3.0,1.3,2.3,2.3,3.0,2.3,2.0,3.0,2.3,1.3,3.0,3.7,1.3,2.0,3.3
222,3.0,3.7,3.7,3.3,1.7,3.3,3.0,3.3,3.7,1.3,3.7,2.3,2.3,3.7,1.7,1.7,1.3,1.0,1.7,3.3,1.3,1.7,3.7,1.7,3.7,1.7,3.0,2.3,3.7,2.3,3.7,2.7,1.7,1.3,2.3,2.3,3.7,4.0,2.7,2.7,3.7
223,3.7,2.7,3.3,1.7,3.7,3.7,3.0,3.7,2.7,1.3,3.7,3.3,3.0,4.0,2.0,2.3,1.0,2.7,2.7,3.0,2.0,2.3,1.7,2.0,3.7,3.0,3.0,3.0,2.3,3.7,3.0,2.7,1.7,2.7,3.3,1.7,3.7,3.7,2.7,2.7,3.0
224,3.7,3.7,3.7,3.0,3.7,4.0,3.0,3.7,2.7,1.7,3.7,4.0,1.3,4.0,2.3,3.7,3.7,3.3,3.3,3.7,3.3,3.3,4.0,2.7,3.7,2.3,3.7,3.3,3.0,2.7,3.7,3.7,2.7,3.7,2.7,2.3,3.0,3.7,2.7,3.7,3.7
225,4.0,3.3,3.7,2.7,3.7,4.0,3.0,2.7,3.3,1.7,4.0,3.7,3.7,4.0,1.7,3.7,2.3,2.3,3.0,3.7,3.0,2.3,1.3,3.0,3.7,3.3,3.7,3.7,3.7,3.7,3.3,3.7,3.0,3.7,3.7,2.7,3.7,3.7,2.7,3.7,3.7
226,4.0,4.0,4.0,4.0,3.7,4.0,4.0,3.7,3.7,3.3,4.0,3.7,3.7,4.0,3.7,3.7,2.0,3.3,3.7,3.7,3.7,3.7,2.7,2.0,3.7,4.0,3.7,3.7,3.7,3.7,3.7,4.0,2.7,3.7,4.0,3.3,4.0,4.0,4.0,4.0,3.7
227,3.0,3.0,3.7,4.0,3.0,3.7,3.0,1.3,3.3,1.0,3.3,3.0,1.7,3.7,1.7,2.7,2.3,2.3,3.7,3.3,2.7,2.3,1.0,1.7,3.7,2.7,3.0,1.0,3.0,2.0,3.3,3.0,1.7,2.0,3.3,1.7,3.7,4.0,3.3,3.7,3.7
228,2.7,2.7,2.7,3.3,2.0,2.7,3.0,2.0,2.3,1.0,3.7,2.0,3.0,3.7,1.3,3.3,1.0,1.0,2.0,2.7,2.7,2.7,2.7,2.3,3.3,3.3,3.7,3.7,3.7,3.3,2.7,3.7,2.0,2.7,4.0,3.0,3.7,3.7,3.7,3.7,3.7
229,2.7,3.0,2.0,3.7,1.7,4.0,3.7,2.7,3.0,1.0,3.7,2.7,3.3,3.7,2.0,1.7,1.3,1.7,3.3,3.0,1.3,2.0,2.0,1.3,3.7,1.7,2.7,2.0,3.3,2.0,3.0,2.7,1.7,2.0,3.7,2.0,3.7,3.7,2.7,3.3,3.7
230,3.7,3.7,3.3,2.0,3.0,3.7,1.7,3.7,3.7,1.0,3.0,2.0,1.3,2.0,1.3,2.0,2.3,2.3,1.3,3.0,1.3,1.3,3.7,1.3,3.3,1.7,2.3,1.3,2.7,2.0,2.7,2.7,2.7,2.3,2.3,1.3,2.3,4.0,2.7,2.7,3.3
231,3.7,2.7,3.3,1.3,1.7,3.7,2.3,3.7,2.3,2.7,3.0,3.3,1.3,3.7,2.0,3.0,1.3,1.3,1.7,3.7,2.0,2.3,1.7,1.3,3.7,2.7,3.3,2.3,3.7,2.7,3.3,3.3,1.7,2.3,3.7,1.7,3.7,3.7,2.7,2.7,3.7
232,3.7,4.0,3.7,3.7,3.7,4.0,3.7,3.7,3.7,3.7,3.7,3.7,3.3,4.0,3.7,4.0,3.7,3.7,4.0,3.7,4.0,4.0,3.3,2.3,4.0,3.7,4.0,3.7,4.0,3.7,3.7,3.7,3.7,3.7,3.3,3.3,4.0,4.0,4.0,3.7,4.0
233,3.7,3.3,3.7,3.3,2.7,4.0,1.7,3.3,3.7,1.0,4.0,3.7,3.7,3.7,1.7,3.7,2.0,2.0,2.0,3.7,1.7,2.7,1.7,2.0,3.7,2.3,3.3,3.0,4.0,3.0,3.7,3.7,1.7,2.3,3.7,2.3,3.3,4.0,3.7,3.7,3.7
234,4.0,4.0,4.0,4.0,4.0,4.0,3.7,3.7,3.7,3.7,4.0,4.0,4.0,3.7,4.0,2.7,4.0,3.7,4.0,3.7,3.7,2.3,3.3,3.3,3.7,4.0,4.0,3.7,3.7,3.7,3.7,4.0,3.7,4.0,4.0,3.3,3.3,4.0,4.0,4.0,4.0
235,4.0,3.7,4.0,4.0,4.0,4.0,3.7,4.0,3.7,4.0,4.0,4.0,4.0,4.0,4.0,4.0,3.7,3.7,4.0,4.0,4.0,3.7,3.7,3.0,3.7,4.0,4.0,4.0,4.0,3.7,3.7,4.0,3.7,3.7,3.0,3.0,3.7,4.0,3.3,3.7,4.0
236,3.7,2.7,3.3,4.0,3.3,3.7,3.7,3.7,2.7,3.0,4.0,3.0,2.7,3.7,2.0,3.7,1.3,3.0,2.7,3.7,2.0,2.3,1.3,2.3,3.0,2.7,3.0,1.7,3.7,3.0,3.0,3.0,2.3,2.7,2.7,2.0,4.0,3.7,2.7,3.3,3.0
237,1.3,3.0,2.7,2.7,1.7,4.0,2.3,1.7,2.0,1.0,4.0,2.3,1.0,2.7,1.3,1.7,3.3,1.3,1.7,3.3,1.7,1.7,3.0,1.3,3.7,1.3,2.3,1.3,2.0,1.7,2.7,3.0,1.0,1.0,2.0,2.0,3.0,4.0,2.0,2.7,3.0
238,4.0,3.7,3.7,3.7,4.0,4.0,3.7,3.7,3.3,3.3,4.0,3.3,3.7,3.7,1.7,3.7,2.7,2.7,3.3,3.3,4.0,2.0,3.7,2.3,3.7,3.0,3.7,3.7,3.7,3.7,3.3,3.7,3.0,3.7,2.3,1.7,3.7,3.7,2.7,3.0,3.3
239,4.0,3.3,4.0,4.0,3.7,4.0,3.7,4.0,3.7,4.0,4.0,4.0,4.0,4.0,3.7,4.0,3.7,3.7,3.7,4.0,3.7,4.0,2.0,3.0,3.0,4.0,3.7,4.0,3.3,3.7,3.7,3.7,3.0,3.7,3.0,2.7,3.7,4.0,3.0,3.3,4.0
240,4.0,3.7,4.0,4.0,3.3,4.0,3.0,2.7,3.7,2.0,4.0,3.0,3.3,4.0,1.7,3.7,2.0,1.7,2.7,3.3,3.0,3.0,1.0,2.7,3.7,3.3,3.7,4.0,4.0,2.7,3.0,3.7,2.3,4.0,4.0,2.7,3.7,3.7,3.7,3.7,3.7
241,3.7,2.0,4.0,2.7,2.7,4.0,3.0,3.7,2.3,1.7,4.0,3.0,3.7,3.7,2.3,2.7,1.3,1.3,2.0,2.7,1.7,2.0,2.0,2.3,3.7,3.0,3.0,3.7,3.7,2.7,2.7,3.0,1.3,2.7,3.0,2.3,2.3,3.7,2.7,2.0,3.7
242,3.7,2.7,3.7,4.0,2.7,3.3,3.7,3.0,3.3,1.0,4.0,1.7,2.7,3.7,1.7,1.7,1.3,1.3,1.3,3.7,1.7,1.7,1.3,2.3,3.7,1.3,2.7,3.0,2.7,2.7,2.7,2.7,1.7,1.7,2.7,2.0,3.3,3.7,2.7,2.7,3.3
243,4.0,3.7,3.7,4.0,3.7,4.0,3.7,3.3,3.7,3.3,4.0,3.7,3.7,4.0,4.0,3.7,2.3,3.0,3.7,3.7,3.3,3.7,2.7,2.3,3.7,3.7,3.7,3.7,3.7,3.7,3.7,4.0,2.7,3.3,4.0,2.7,4.0,4.0,3.3,3.7,4.0
244,4.0,3.7,3.7,4.0,3.3,3.7,3.3,3.3,3.7,2.3,4.0,3.3,3.7,3.3,1.7,3.3,2.0,2.3,2.7,2.7,2.3,2.7,3.0,2.3,3.7,3.3,3.7,3.7,3.7,3.7,2.7,3.7,2.7,3.7,3.7,2.7,3.7,3.7,3.7,2.7,3.7
245,3.0,2.7,3.7,2.0,3.3,4.0,2.7,2.3,2.7,2.0,3.7,3.0,2.0,3.3,1.3,2.7,1.7,2.7,2.3,2.7,1.7,1.7,3.7,1.7,3.3,2.0,3.0,2.0,2.7,3.0,2.3,2.7,1.7,2.0,2.0,2.3,3.7,3.7,2.3,2.7,3.7
246,3.7,2.7,3.7,4.0,2.7,3.7,1.7,3.7,3.7,2.7,3.7,2.7,3.7,3.7,2.3,3.7,1.3,2.3,2.0,3.7,2.0,3.0,1.3,2.0,3.0,2.7,2.7,2.7,3.7,2.7,3.7,3.7,2.0,3.3,3.7,3.0,3.7,3.7,3.3,3.7,3.7
247,3.7,3.3,3.7,3.3,2.7,3.7,2.7,3.0,3.3,1.3,3.7,3.3,2.7,3.3,1.7,3.3,1.3,1.7,2.7,3.7,1.7,1.7,2.0,1.7,3.7,1.7,3.0,1.7,3.0,2.7,3.0,2.7,1.3,2.0,2.7,2.7,3.0,3.7,2.7,2.3,3.7
248,4.0,3.7,4.0,4.0,3.7,3.7,3.7,3.3,3.7,2.7,4.0,3.7,4.0,4.0,3.7,3.3,3.3,2.3,3.0,3.7,3.7,3.0,4.0,2.3,3.7,2.7,3.7,4.0,4.0,2.7,3.3,3.7,3.7,3.0,3.3,2.7,3.3,3.7,3.0,3.0,3.7
249,3.7,3.7,3.7,2.7,2.7,3.3,3.0,2.7,2.0,1.0,4.0,3.3,2.3,3.7,1.3,3.0,2.0,1.7,1.7,2.7,2.0,2.3,3.7,2.0,3.7,2.7,3.3,3.3,2.0,2.3,2.7,3.3,2.0,2.7,3.0,1.7,3.7,3.0,2.7,3.3,3.7
250,4.0,3.7,3.7,3.7,3.7,4.0,3.7,3.7,2.7,4.0,3.7,1.7,3.7,4.0,2.3,4.0,2.7,3.3,3.7,3.7,3.7,3.3,2.7,2.7,3.7,2.7,3.7,3.7,3.7,3.3,3.3,3.0,3.0,3.0,2.0,2.7,3.7,3.7,3.7,2.7,3.3
251,3.3,3.7,3.7,3.0,2.7,4.0,2.7,2.0,3.0,1.3,4.0,2.7,2.3,4.0,1.3,3.0,1.7,2.3,2.0,3.0,2.0,2.3,2.3,2.3,3.7,1.7,2.7,3.0,3.0,2.3,2.7,3.7,2.0,2.0,3.7,1.7,4.0,3.7,2.3,2.7,3.3
252,3.3,3.3,3.0,3.0,3.0,3.7,3.0,3.7,3.0,2.3,4.0,2.3,2.7,3.3,3.7,3.0,2.0,2.3,2.7,3.7,2.3,2.3,2.7,2.7,3.7,3.0,3.7,3.3,3.7,3.7,3.3,2.7,2.3,2.3,3.3,1.7,3.7,3.7,3.0,2.7,4.0
253,2.7,4.0,3.3,4.0,3.7,4.0,2.3,2.7,2.3,1.0,2.7,2.7,4.0,3.7,1.0,3.0,2.3,1.3,2.7,2.3,2.0,2.7,1.7,1.7,3.0,1.3,3.0,1.3,2.7,2.0,3.3,2.7,1.7,2.3,2.3,1.3,2.3,3.3,2.3,1.3,2.3
254,4.0,3.0,4.0,4.0,3.7,3.7,3.3,3.7,3.3,3.7,4.0,3.7,3.7,3.7,3.7,3.7,2.3,4.0,3.0,4.0,3.7,3.3,3.0,2.3,3.7,3.7,4.0,3.0,3.0,3.0,3.7,4.0,2.7,4.0,2.7,3.7,3.0,3.7,3.7,3.7,3.7
255,1.7,1.0,1.3,2.0,1.0,3.7,1.0,1.0,2.0,1.3,1.3,2.3,2.3,1.3,2.3,1.0,2.3,1.3,1.0,1.7,1.7,3.0,1.7,1.7,2.7,1.0,1.3,2.7,1.3,1.3,1.7,1.3,1.0,1.7,2.0,1.7,1.3,2.3,2.7,1.7,2.7
256,2.7,1.7,3.0,2.7,1.7,3.7,2.3,3.3,2.7,1.0,3.7,2.7,3.3,3.3,2.0,2.3,1.7,1.7,1.3,3.3,2.0,2.3,3.7,3.0,3.7,1.7,2.7,2.7,3.3,2.0,3.3,2.7,1.7,2.0,2.7,1.7,4.0,3.7,1.7,2.3,3.7
257,2.7,3.0,3.3,3.0,1.3,3.7,1.7,3.3,2.0,1.3,3.3,3.3,1.7,3.0,1.7,2.3,1.3,1.3,1.3,2.3,1.3,1.7,3.0,1.3,3.7,1.7,2.0,2.7,3.3,2.0,2.7,3.0,1.3,1.3,1.7,1.7,3.0,3.7,2.0,1.3,3.7
258,3.7,2.3,3.7,4.0,3.3,4.0,3.7,3.7,3.7,3.3,4.0,3.3,3.7,3.7,3.7,3.7,1.7,2.7,4.0,4.0,2.7,3.7,2.7,2.7,3.3,3.7,3.7,3.3,3.7,3.3,3.7,4.0,3.7,4.0,3.7,2.7,3.7,4.0,3.0,3.7,3.7
259,3.7,3.0,3.7,4.0,3.3,4.0,4.0,3.7,3.7,3.0,4.0,3.7,2.7,4.0,2.3,3.3,3.0,3.0,3.0,3.7,2.7,3.3,3.3,2.0,3.7,3.7,3.3,3.7,3.3,2.7,3.7,4.0,3.3,2.7,3.7,3.7,3.7,4.0,3.7,3.7,3.7
260,4.0,3.7,4.0,4.0,4.0,4.0,4.0,3.7,3.7,3.0,4.0,3.7,3.7,4.0,3.7,4.0,2.7,2.7,3.7,3.7,3.7,4.0,3.7,3.0,4.0,4.0,4.0,4.0,4.0,4.0,3.3,4.0,3.7,4.0,4.0,3.7,3.7,4.0,3.7,4.0,4.0
261,3.3,1.3,1.7,3.3,2.7,4.0,2.7,2.7,3.0,2.3,4.0,1.7,2.3,3.3,1.3,3.0,1.3,2.3,2.0,2.7,1.7,2.0,1.0,2.7,3.0,1.7,2.3,1.3,2.3,3.0,3.0,3.7,1.3,1.3,2.0,1.7,3.7,3.7,2.0,2.3,3.3
262,3.7,3.0,3.3,3.7,3.7,4.0,3.0,3.0,2.7,3.7,2.7,3.3,1.7,3.7,1.3,2.7,2.0,3.7,2.3,1.3,2.3,1.7,3.7,1.7,3.7,1.7,2.7,1.7,1.3,3.7,2.0,2.7,1.3,2.0,2.3,1.0,4.0,3.7,2.7,1.3,3.3
263,2.7,2.7,2.7,4.0,1.7,3.7,3.3,2.3,3.3,1.7,3.3,1.3,3.0,3.7,3.7,1.7,1.3,1.3,2.3,3.0,1.3,3.0,3.7,2.0,3.7,2.7,2.7,3.3,3.7,3.7,3.7,2.7,2.3,2.7,2.7,2.0,3.3,4.0,2.7,2.7,3.7
264,4.0,1.7,3.7,4.0,3.7,4.0,4.0,4.0,3.7,3.7,4.0,3.7,4.0,4.0,4.0,4.0,3.7,3.7,3.7,3.7,3.7,4.0,3.7,2.3,3.7,4.0,4.0,4.0,3.7,3.7,3.7,4.0,3.7,4.0,4.0,3.7,4.0,4.0,3.7,3.7,3.7
265,3.7,3.7,3.7,3.0,3.3,3.7,3.7,3.7,3.0,2.3,4.0,2.7,3.3,4.0,2.3,3.7,1.7,3.0,2.3,3.3,2.7,2.7,1.3,2.0,3.0,2.0,2.7,3.3,2.7,2.7,2.7,2.7,2.7,1.3,3.0,2.0,4.0,3.7,2.7,1.3,2.7
266,3.7,3.7,4.0,3.3,2.7,4.0,3.7,3.0,2.0,2.0,4.0,3.7,2.3,4.0,3.3,4.0,1.3,3.7,3.7,2.7,3.7,3.7,3.7,3.0,3.7,3.7,4.0,4.0,4.0,4.0,3.7,4.0,4.0,3.7,3.7,2.7,4.0,3.7,4.0,3.7,4.0
267,3.7,2.3,3.7,3.7,2.0,3.0,2.3,3.7,3.0,1.0,3.7,3.3,1.3,4.0,1.7,1.7,1.3,1.0,1.3,3.0,1.3,1.3,1.3,1.7,3.7,1.3,2.0,2.0,2.3,2.7,2.7,3.0,1.7,1.3,1.7,1.0,3.3,3.7,2.3,2.0,3.3
268,4.0,3.7,3.3,3.7,3.7,3.7,3.3,3.7,3.7,2.0,4.0,3.7,3.7,4.0,3.7,3.7,2.0,3.7,3.7,3.7,3.7,3.0,3.0,3.7,3.3,3.7,3.7,3.7,3.3,3.3,3.7,3.7,3.7,3.0,4.0,2.7,3.0,3.7,3.7,3.7,3.7
269,3.3,3.7,3.3,3.0,3.0,3.7,3.3,3.7,3.0,1.0,3.7,3.7,3.0,3.7,1.7,2.3,1.3,1.7,3.7,3.3,2.7,2.7,2.7,1.7,3.0,2.3,3.3,2.0,3.7,3.3,3.3,2.3,2.3,2.3,3.3,2.7,2.7,3.7,2.7,2.3,3.3
270,4.0,3.0,3.7,3.7,3.7,4.0,3.7,3.3,3.7,3.7,4.0,4.0,3.0,4.0,2.7,3.7,1.3,3.7,3.7,3.7,3.7,3.3,3.7,2.3,3.7,3.7,3.7,3.7,4.0,3.7,3.7,4.0,3.3,3.3,3.7,3.0,3.0,4.0,4.0,3.3,3.7
271,3.3,4.0,4.0,2.7,3.3,3.7,3.0,2.3,1.7,1.0,3.7,3.0,1.0,4.0,3.0,3.0,1.3,1.0,1.3,1.7,1.7,3.0,1.3,2.7,3.7,3.3,4.0,2.0,3.3,3.0,4.0,3.3,2.3,4.0,2.7,2.7,3.7,3.7,2.7,3.7,3.0
272,2.7,2.7,3.7,3.0,3.3,3.7,2.7,1.7,2.7,2.7,3.0,2.7,3.0,4.0,2.3,3.3,2.3,3.0,3.7,3.0,2.3,3.3,3.0,2.3,2.7,3.0,3.7,2.7,3.7,3.0,3.3,3.3,2.3,3.0,3.3,2.7,3.7,3.7,3.3,3.0,3.3
273,2.7,3.0,2.7,2.7,1.7,3.7,2.7,1.3,3.0,1.3,2.7,3.0,2.3,3.7,1.0,2.0,1.0,1.7,1.3,2.7,1.3,2.0,1.0,2.3,3.3,2.0,3.0,2.0,3.7,2.0,2.7,2.7,1.3,2.7,2.7,1.7,3.7,3.7,1.7,1.7,3.7
274,3.3,3.0,3.3,3.0,2.3,3.3,1.7,1.3,3.3,1.7,3.0,2.7,4.0,3.3,2.3,3.3,2.0,1.0,1.7,2.7,1.3,2.3,2.3,2.0,2.0,2.3,3.0,3.7,3.7,1.7,3.0,3.7,2.0,2.7,2.3,1.3,3.7,3.7,2.0,2.7,3.7
275,2.7,3.3,3.0,1.3,1.7,3.3,1.7,1.0,1.3,1.0,2.7,1.3,1.0,1.7,1.0,1.3,1.3,1.3,1.3,1.7,2.0,3.7,3.7,1.7,2.7,1.0,2.3,1.3,2.3,1.7,2.0,1.3,1.7,1.3,1.7,1.3,3.3,3.3,1.0,1.3,3.0
276,1.0,2.3,2.7,1.0,1.7,3.3,1.3,1.7,1.3,1.0,1.7,2.3,1.3,1.7,1.7,2.0,2.3,1.3,2.3,1.3,1.0,2.7,2.7,1.3,1.7,1.0,2.3,2.7,2.7,1.3,2.7,1.7,3.0,2.7,2.7,2.3,3.0,3.3,1.0,1.0,2.0
277,3.3,1.3,1.3,3.0,1.3,4.0,3.7,3.0,2.3,1.7,3.7,3.0,3.3,3.7,2.7,3.3,1.7,1.7,1.3,3.7,2.0,2.7,3.7,2.0,3.3,2.7,2.7,3.0,2.7,2.3,2.3,3.0,2.0,2.7,3.0,2.3,3.3,3.7,1.7,2.0,3.7
278,2.3,3.7,3.0,2.3,2.7,3.3,1.7,1.0,2.3,2.7,3.3,3.0,1.3,2.3,1.3,2.7,1.3,2.7,1.7,2.3,1.7,1.3,3.7,1.7,2.0,2.3,2.3,4.0,2.3,1.3,2.3,2.7,1.7,2.3,2.0,1.7,3.7,3.7,2.3,2.0,3.3
279,2.3,1.7,3.3,2.3,1.3,3.7,2.3,2.0,2.7,1.0,3.7,2.3,1.7,3.7,2.0,2.0,1.0,1.0,1.3,2.3,1.3,2.3,1.0,1.7,3.0,2.0,2.7,2.0,2.3,1.7,3.3,2.3,1.7,1.7,2.7,2.0,3.0,3.7,1.7,2.7,3.7
280,4.0,3.7,3.7,4.0,3.7,4.0,2.3,4.0,3.7,3.0,4.0,4.0,3.0,4.0,3.7,3.7,3.7,2.0,4.0,2.7,4.0,3.7,4.0,2.3,3.7,4.0,3.7,3.7,3.7,3.7,3.0,3.7,3.7,3.7,3.0,2.3,3.3,3.7,4.0,3.3,3.7
281,WU,1.3,0.0,0.0,0.0,1.0,3.7,1.0,WU,0.0,1.0,0.0,0.0,W,W,W,0.0,0.0,0.0,0.0,WU,W,4.0,3.0,3.7,3.7,3.7,4.0,3.7,3.7,3.7,3.7,4.0,2.7,4.0,3.0,3.7,4.0,3.7,3.7,3.7
282,2.7,2.3,1.3,1.0,3.7,2.7,3.0,3.3,3.7,1.0,1.7,3.7,2.3,2.7,3.0,1.0,2.0,1.3,2.7,1.0,1.7,1.7,0.0,3.0,3.7,3.7,3.7,4.0,3.7,1.0,1.3,2.3,0.0,2.7,1.0,3.0,3.7,4.0,3.7,3.7,3.7
283,1.3,1.0,1.7,1.0,1.7,2.0,3.3,1.3,1.7,1.3,1.0,2.7,1.0,1.3,1.3,1.3,1.0,1.0,1.0,1.0,1.3,2.0,2.3,1.7,1.0,1.0,2.0,1.0,3.7,1.3,1.7,1.0,1.3,1.7,1.7,1.3,3.3,3.3,1.3,3.7,1.3
284,3.7,3.7,4.0,4.0,4.0,4.0,3.7,4.0,3.7,4.0,4.0,4.0,4.0,3.3,4.0,4.0,4.0,4.0,4.0,4.0,4.0,4.0,4.0,3.0,3.7,4.0,4.0,4.0,4.0,4.0,4.0,4.0,4.0,4.0,4.0,4.0,3.7,4.0,3.7,4.0,3.7
285,3.3,4.0,4.0,4.0,4.0,4.0,3.7,4.0,4.0,4.0,4.0,4.0,4.0,4.0,4.0,4.0,4.0,4.0,4.0,4.0,4.0,4.0,4.0,3.3,4.0,4.0,4.0,4.0,4.0,4.0,4.0,4.0,4.0,4.0,4.0,4.0,3.7,4.0,4.0,4.0,4.0
286,3.0,3.7,4.0,4.0,4.0,3.7,3.7,4.0,4.0,4.0,4.0,3.7,3.7,3.7,4.0,3.7,4.0,3.0,4.0,4.0,4.0,4.0,4.0,3.0,4.0,4.0,3.7,4.0,4.0,4.0,4.0,3.7,4.0,4.0,4.0,3.7,3.7,4.0,3.7,4.0,3.3
287,3.3,3.0,4.0,3.3,3.7,4.0,3.3,3.3,3.3,4.0,4.0,4.0,3.7,3.0,4.0,4.0,4.0,3.3,4.0,4.0,3.7,4.0,4.0,3.0,4.0,4.0,4.0,4.0,4.0,4.0,4.0,4.0,4.0,3.3,4.0,3.7,3.7,4.0,3.0,3.3,3.7
288,1.0,1.7,1.0,2.0,1.0,1.0,2.7,0.0,1.3,0.0,0.0,0.0,W,4.0,3.7,3.7,W,1.3,2.0,3.7,1.0,0.0,4.0,3.0,3.7,3.7,3.7,4.0,3.7,3.7,3.7,3.7,4.0,2.7,4.0,3.0,3.7,4.0,3.7,3.7,3.7
289,2.7,4.0,4.0,4.0,4.0,4.0,3.7,4.0,4.0,4.0,4.0,4.0,4.0,4.0,4.0,4.0,4.0,3.7,4.0,4.0,4.0,4.0,4.0,3.3,4.0,4.0,4.0,4.0,4.0,4.0,4.0,4.0,4.0,4.0,4.0,3.7,3.7,4.0,4.0,4.0,3.7
290,3.0,2.0,3.0,2.3,3.3,3.0,3.0,3.3,3.3,3.0,3.0,4.0,2.7,3.0,3.7,2.3,3.0,2.0,2.7,3.7,3.7,3.3,3.0,2.7,2.0,3.3,3.0,3.0,3.3,3.7,2.0,3.0,4.0,3.0,3.7,2.7,3.7,4.0,3.0,3.7,3.0
291,3.0,2.7,4.0,3.3,4.0,3.0,3.3,4.0,3.3,2.0,3.3,4.0,4.0,3.7,4.0,4.0,3.3,3.0,3.7,4.0,3.0,3.7,3.7,3.3,3.0,3.7,4.0,3.7,4.0,3.3,3.0,4.0,4.0,4.0,4.0,3.3,4.0,4.0,3.0,4.0,3.7
292,3.7,2.3,4.0,3.7,4.0,3.7,3.7,4.0,3.7,3.0,3.3,4.0,3.3,4.0,4.0,3.7,3.3,3.0,3.7,4.0,3.0,3.7,4.0,3.3,3.3,3.7,4.0,4.0,3.3,3.7,3.0,3.7,4.0,4.0,4.0,3.3,3.7,4.0,3.0,4.0,3.7
293,1.0,1.3,1.0,2.0,1.7,1.3,3.0,1.7,2.0,1.7,1.3,2.0,3.0,2.0,1.3,2.0,2.3,2.3,2.0,2.0,1.7,1.7,3.0,2.3,2.3,1.7,3.3,1.3,4.0,0.0,WU,1.0,1.0,0.0,3.3,0.0,1.7,2.0,3.0,2.7,3.7
294,2.3,3.0,4.0,3.7,4.0,3.0,3.7,4.0,2.7,3.0,3.7,4.0,3.3,4.0,4.0,4.0,3.7,3.0,3.3,4.0,2.7,3.0,3.7,3.3,3.7,4.0,4.0,4.0,4.0,3.3,3.3,4.0,4.0,4.0,4.0,4.0,4.0,4.0,3.0,4.0,3.7
295,1.3,2.0,2.7,2.7,3.3,2.3,3.3,2.7,1.7,2.0,2.7,3.3,1.7,1.3,3.3,3.3,2.3,1.7,3.0,4.0,2.3,2.7,2.7,2.7,2.0,2.7,3.7,3.0,3.0,3.3,2.0,3.3,4.0,3.3,1.7,3.3,3.0,3.7,2.7,4.0,3.7
296,1.0,3.3,1.0,1.7,1.7,4.0,3.3,1.0,1.3,2.0,2.3,3.0,1.0,1.0,2.3,1.0,2.3,3.0,2.0,1.3,2.3,1.0,1.7,2.0,2.7,1.3,1.0,3.3,3.7,1.7,2.7,1.3,4.0,1.0,1.0,0.0,3.7,2.3,1.0,2.0,2.0
297,2.0,1.7,3.0,1.7,3.3,3.0,3.3,2.7,2.3,2.0,2.3,3.7,1.3,1.0,3.0,2.3,2.7,3.0,1.7,3.3,2.7,1.7,4.0,3.0,1.7,3.7,3.0,3.7,3.3,2.7,1.0,3.0,4.0,2.7,3.7,2.3,3.7,4.0,3.7,3.3,3.0
298,3.0,3.0,3.7,2.0,3.0,2.7,3.0,3.7,3.3,3.3,3.3,4.0,1.0,2.7,2.7,2.0,2.3,3.0,2.0,2.7,3.7,2.0,3.0,3.0,2.0,3.0,2.3,2.0,1.7,2.3,3.0,1.3,3.7,1.3,3.0,2.0,3.3,3.7,2.0,3.3,3.7
299,2.0,3.3,3.7,2.7,3.3,2.3,2.7,4.0,3.0,2.7,3.0,3.0,3.0,3.7,4.0,3.3,3.7,3.3,3.7,4.0,3.3,3.7,3.7,3.0,3.0,3.7,3.0,4.0,3.7,3.7,3.3,3.3,4.0,3.0,4.0,3.0,3.7,4.0,3.7,3.3,3.0
300,2.3,2.7,1.7,3.0,3.7,1.3,3.7,3.7,2.0,1.3,2.0,4.0,1.0,2.0,4.0,4.0,2.7,1.3,2.7,3.3,3.7,2.7,3.3,3.0,2.3,3.7,3.3,3.3,2.7,3.3,2.0,3.3,4.0,3.0,3.7,3.0,3.3,4.0,3.0,4.0,3.7
301,3.0,3.3,4.0,3.3,4.0,4.0,3.0,4.0,4.0,3.3,4.0,4.0,3.7,4.0,3.7,3.3,4.0,2.7,3.7,4.0,2.7,4.0,3.7,2.7,3.0,4.0,3.3,4.0,4.0,3.7,3.7,3.3,4.0,3.0,4.0,3.7,3.7,4.0,3.7,3.3,3.3
302,3.0,3.7,4.0,3.3,4.0,3.3,3.7,4.0,4.0,4.0,4.0,4.0,2.7,3.7,4.0,4.0,4.0,2.7,4.0,4.0,3.7,4.0,4.0,3.0,4.0,4.0,4.0,4.0,4.0,4.0,3.0,4.0,4.0,3.7,4.0,3.3,3.7,4.0,3.7,4.0,3.7
303,1.0,1.7,1.3,3.0,4.0,2.7,3.0,3.3,2.3,2.3,2.3,4.0,1.3,3.0,2.7,3.3,3.3,2.3,3.0,3.7,2.7,3.0,3.0,2.7,2.0,3.0,3.0,2.7,2.0,2.7,1.3,3.0,4.0,2.7,1.3,3.3,3.0,4.0,2.7,3.3,3.7
304,1.7,2.0,2.0,3.3,4.0,2.3,3.0,3.7,2.3,2.3,3.0,3.0,2.7,3.3,3.7,3.3,2.0,3.0,3.0,3.7,3.0,1.7,3.3,2.7,2.7,3.7,4.0,3.7,3.0,3.3,2.0,3.3,4.0,3.7,3.7,3.7,3.7,4.0,2.7,4.0,3.7
305,2.7,4.0,4.0,4.0,3.7,3.7,3.7,4.0,4.0,4.0,4.0,4.0,4.0,4.0,4.0,3.3,4.0,3.3,3.7,4.0,3.7,4.0,4.0,3.0,4.0,3.7,4.0,4.0,4.0,4.0,3.7,4.0,4.0,3.3,4.0,4.0,3.7,4.0,3.3,4.0,3.7
306,2.0,2.0,3.0,3.7,3.7,2.3,3.0,4.0,1.7,1.7,3.0,3.3,3.7,3.3,3.7,3.3,3.3,3.3,2.0,3.3,1.7,2.3,3.7,2.7,1.7,3.7,4.0,3.3,3.3,2.3,1.7,3.3,4.0,3.0,3.3,3.0,3.3,4.0,3.0,4.0,3.7
307,2.0,2.0,3.7,3.0,3.3,3.0,3.3,3.7,3.0,3.3,3.7,4.0,1.0,3.0,3.7,2.7,3.3,2.7,3.0,3.7,3.7,3.3,4.0,3.0,3.3,4.0,4.0,3.7,3.0,3.3,2.7,3.0,4.0,2.3,4.0,3.7,3.3,4.0,3.3,3.7,3.7
308,1.3,2.3,3.3,3.3,3.3,2.0,3.0,4.0,1.7,2.3,3.0,3.0,2.3,2.7,3.7,3.7,2.3,3.0,2.0,3.0,3.3,2.0,3.7,3.0,1.7,3.3,3.0,3.3,1.3,2.0,2.0,3.3,4.0,3.3,3.3,3.0,3.3,4.0,3.0,4.0,3.7
309,1.0,1.0,1.0,1.0,2.3,2.0,3.0,1.3,2.3,1.0,2.3,1.7,3.3,1.3,3.0,1.7,2.3,2.7,3.0,2.0,2.0,1.0,1.7,3.0,1.0,2.3,3.0,3.0,1.7,2.0,1.0,2.0,3.7,1.7,3.7,2.3,2.0,3.7,2.0,3.3,3.7
310,2.3,2.7,3.3,3.0,4.0,3.0,3.3,4.0,3.0,3.0,3.3,4.0,1.7,3.3,3.7,4.0,3.0,3.7,3.3,3.7,3.0,2.0,4.0,3.0,2.7,3.7,3.7,3.3,3.3,3.3,1.7,3.7,4.0,3.0,3.7,3.3,3.3,4.0,3.3,4.0,3.7
311,3.7,3.0,4.0,3.3,4.0,3.7,3.7,4.0,4.0,2.7,3.7,3.7,2.0,4.0,3.7,3.3,3.3,2.3,3.7,4.0,3.3,3.0,4.0,3.3,3.7,4.0,4.0,4.0,3.3,4.0,3.0,4.0,4.0,3.7,4.0,3.7,3.7,4.0,4.0,4.0,3.7
312,3.0,2.0,3.3,2.0,3.7,2.0,3.7,4.0,3.3,2.3,3.7,3.0,3.7,3.7,3.3,3.0,4.0,2.0,3.0,3.3,4.0,3.0,3.0,3.0,3.0,3.3,2.7,3.3,3.7,3.3,3.0,2.7,4.0,3.3,3.3,3.3,2.3,3.7,2.3,3.7,3.7
313,1.3,3.7,4.0,3.0,4.0,1.7,3.3,2.7,3.0,2.3,4.0,3.7,1.7,3.7,4.0,3.0,4.0,1.3,4.0,4.0,3.3,4.0,3.7,2.7,3.0,3.3,2.7,4.0,3.7,4.0,3.3,4.0,4.0,3.0,4.0,4.0,3.7,4.0,3.0,3.7,3.3
314,1.3,2.0,2.0,2.0,2.3,1.3,3.3,1.3,1.0,1.7,2.3,2.3,1.0,2.0,3.7,3.7,1.3,2.3,2.7,3.3,3.3,1.3,3.3,3.0,3.0,3.7,3.3,3.3,3.0,3.0,1.7,3.3,4.0,3.3,3.7,3.0,2.7,3.7,3.0,3.7,3.7
315,2.3,4.0,4.0,3.7,4.0,3.7,3.0,4.0,3.3,3.3,4.0,3.7,4.0,4.0,4.0,3.7,4.0,4.0,4.0,4.0,2.3,4.0,3.7,3.0,4.0,4.0,3.7,4.0,4.0,4.0,4.0,4.0,4.0,3.3,3.7,3.7,3.7,4.0,3.0,3.7,3.0
316,2.3,2.0,3.0,2.3,3.0,3.3,3.3,4.0,3.7,4.0,4.0,1.3,2.3,2.7,3.3,2.7,4.0,2.3,3.0,3.3,2.3,2.7,3.7,3.0,2.3,3.3,2.7,3.0,3.7,3.7,2.3,2.7,4.0,1.7,3.7,3.0,2.0,4.0,3.0,3.3,3.7
317,2.0,2.7,3.0,3.7,3.3,3.3,3.3,3.7,2.3,2.3,3.0,3.7,2.0,3.0,3.0,3.3,3.3,3.3,2.0,3.3,3.0,3.0,3.3,2.7,2.3,3.3,3.3,3.0,3.3,2.7,2.0,3.3,4.0,2.0,3.0,3.0,3.0,4.0,3.0,3.3,3.7
318,3.3,3.0,4.0,3.7,4.0,3.3,3.7,4.0,3.7,3.0,3.3,3.7,2.0,2.3,4.0,3.7,3.3,3.3,3.0,3.3,3.7,3.7,4.0,3.0,2.3,3.7,4.0,3.3,3.3,3.3,3.0,3.7,4.0,3.3,4.0,3.3,3.3,4.0,3.3,3.7,3.7
319,1.3,1.0,3.7,1.0,2.0,1.7,3.0,1.3,1.3,1.0,1.0,3.3,1.0,4.0,3.0,1.3,2.0,1.7,3.0,1.7,3.0,1.0,3.0,2.7,1.0,2.7,1.7,2.3,1.3,2.3,1.7,1.7,4.0,2.0,3.0,2.7,2.7,3.3,2.3,3.3,3.7
320,1.0,1.3,1.0,2.0,2.0,1.0,3.0,1.0,1.0,1.3,1.0,3.7,1.0,1.0,3.3,3.3,1.0,2.0,1.0,3.3,3.0,1.7,3.3,3.0,2.0,3.0,2.7,3.0,1.0,2.7,1.3,2.3,4.0,2.0,2.0,2.7,3.3,4.0,3.7,3.0,3.7
321,2.7,3.3,3.3,2.0,3.7,3.0,3.7,4.0,3.7,3.3,3.7,4.0,3.0,2.7,3.7,3.7,4.0,2.7,3.0,4.0,4.0,3.0,3.7,3.0,2.3,3.3,3.3,3.7,3.3,3.7,2.0,3.3,4.0,3.0,3.3,2.7,3.7,3.7,3.0,3.7,3.3
322,2.0,4.0,1.0,3.0,3.7,3.7,2.0,1.7,1.3,1.7,1.0,1.3,1.0,1.0,1.0,1.7,1.7,1.7,1.0,2.0,3.0,1.0,1.0,2.0,2.0,1.7,1.3,1.3,1.7,1.0,1.0,2.0,3.7,2.0,1.7,2.7,2.0,3.0,1.0,2.0,3.7
323,1.7,2.7,3.3,2.0,3.7,1.7,3.3,2.3,3.3,2.7,3.0,4.0,1.0,1.3,3.3,3.3,3.3,3.0,2.7,3.3,3.0,1.7,3.0,3.3,1.7,3.3,3.3,3.0,2.7,3.3,1.0,3.7,4.0,2.7,3.0,2.7,3.3,4.0,3.3,3.3,3.7
324,1.0,1.3,3.0,1.3,2.0,1.0,3.3,1.0,1.7,1.0,1.3,3.3,1.0,3.3,2.0,2.3,1.7,2.7,1.0,2.0,1.0,3.7,2.0,2.0,1.0,2.3,1.0,2.0,1.0,1.3,3.7,1.7,3.0,2.0,3.0,2.0,3.7,3.0,2.3,3.3,3.0
325,3.0,3.3,4.0,3.7,4.0,4.0,3.7,4.0,3.0,3.3,3.7,4.0,4.0,3.0,4.0,3.7,3.7,3.7,3.7,3.7,3.3,3.0,4.0,3.0,3.0,3.7,3.7,4.0,3.7,4.0,3.0,3.7,4.0,3.0,2.7,3.3,3.3,4.0,3.7,3.3,3.7
326,1.0,2.0,1.0,1.0,2.0,2.7,3.0,1.0,1.7,1.0,1.0,2.0,1.0,1.0,2.0,2.0,2.3,2.3,1.7,2.0,2.0,1.0,3.0,1.7,1.3,2.7,3.0,1.3,1.0,3.7,1.3,1.7,3.7,2.3,1.3,2.3,3.7,3.0,2.3,2.7,2.7
327,1.0,2.0,1.0,1.0,2.0,1.7,2.3,3.0,2.0,3.3,2.0,2.0,1.0,1.3,3.0,2.0,1.3,2.7,2.7,2.0,2.0,1.3,2.3,2.7,2.0,2.7,1.0,1.3,1.7,1.7,2.3,1.0,3.3,2.0,3.0,2.3,1.3,3.0,1.3,2.0,3.7
328,2.3,2.7,2.3,3.0,3.7,1.7,3.7,4.0,3.0,2.3,1.7,3.3,3.3,3.3,3.7,3.7,3.3,4.0,3.3,3.3,3.7,3.0,3.7,2.7,2.3,3.7,2.7,3.0,3.3,3.7,1.0,3.7,4.0,3.7,3.7,3.3,4.0,4.0,3.7,3.7,3.7
329,2.3,3.7,4.0,3.0,4.0,3.0,2.7,4.0,3.0,3.7,4.0,3.0,4.0,3.0,4.0,3.3,4.0,2.0,4.0,4.0,3.0,4.0,4.0,2.7,3.3,4.0,3.3,4.0,4.0,4.0,3.7,4.0,4.0,3.7,4.0,3.7,3.7,4.0,3.3,4.0,3.7
330,1.0,2.3,3.3,1.3,2.7,1.7,4.0,3.7,1.3,1.0,1.7,3.7,2.3,2.7,3.3,3.0,3.0,2.0,1.7,3.3,3.0,3.0,3.3,2.7,1.0,2.7,2.0,3.0,2.0,2.7,1.7,2.7,4.0,2.7,3.3,2.3,3.7,3.7,2.3,3.3,2.7
331,2.3,2.7,2.3,1.7,2.7,2.7,3.0,2.3,2.0,1.7,1.3,2.3,1.0,1.3,2.7,2.3,3.0,2.3,1.0,3.0,3.0,1.0,1.7,1.3,1.3,3.0,1.7,2.7,2.0,2.0,1.0,1.3,3.7,1.0,1.3,3.0,2.3,3.3,2.0,3.3,3.7
332,2.0,1.7,2.3,1.7,2.3,1.3,3.7,2.3,1.3,3.3,2.7,3.3,1.7,2.7,3.7,2.0,3.0,2.7,2.3,3.0,2.0,1.7,3.3,2.0,1.7,3.0,2.0,3.3,3.7,3.3,1.7,3.3,4.0,2.0,4.0,3.0,3.7,3.7,2.7,4.0,3.7
333,3.0,2.0,2.7,2.3,3.7,2.0,3.3,3.3,3.0,2.7,2.7,3.7,1.0,2.3,3.7,3.3,2.0,3.7,2.0,2.3,2.7,2.3,3.3,2.7,1.3,3.0,2.7,3.0,1.7,2.7,1.0,1.7,3.7,2.3,1.3,2.3,3.7,3.7,3.0,3.7,3.7
334,2.0,2.7,2.7,3.0,3.3,2.0,3.3,3.7,2.3,2.7,3.7,3.7,3.3,2.3,3.3,3.7,3.0,2.3,2.0,3.3,3.7,3.0,3.0,2.7,2.0,3.3,2.0,3.3,2.7,3.3,1.7,3.7,4.0,2.7,2.7,3.3,3.3,3.7,2.7,3.7,3.7
335,1.0,1.7,1.0,1.3,2.3,2.7,2.7,1.7,1.3,1.0,1.0,2.0,1.0,1.0,2.3,2.3,2.0,2.0,1.0,2.3,3.7,1.0,2.7,2.0,1.7,1.7,1.3,1.7,2.0,3.7,1.3,1.7,4.0,1.3,1.3,2.0,1.7,3.3,2.3,3.0,3.7
336,3.3,3.3,4.0,2.3,3.7,3.0,3.3,3.3,3.7,4.0,4.0,3.7,2.7,3.0,4.0,3.7,4.0,2.3,4.0,4.0,4.0,4.0,4.0,3.0,4.0,3.3,3.0,4.0,3.7,3.3,3.7,4.0,4.0,2.7,4.0,3.7,3.7,4.0,3.3,4.0,3.3
337,3.0,2.7,1.3,2.0,2.3,1.3,3.3,3.0,1.3,2.3,3.0,3.3,1.7,1.3,2.7,2.7,2.3,2.3,1.7,2.0,3.3,1.7,3.3,1.0,1.0,3.3,1.7,2.0,3.0,3.0,1.3,2.3,4.0,2.3,3.7,3.3,3.7,3.3,2.7,3.3,3.3
338,3.7,4.0,3.0,3.3,4.0,2.7,3.0,4.0,3.0,2.7,3.3,3.0,3.3,3.0,3.7,3.3,4.0,2.3,3.3,3.7,3.7,3.7,3.7,2.7,2.7,3.7,3.3,3.3,4.0,3.7,2.0,3.3,4.0,3.3,3.7,3.3,3.7,3.7,3.7,3.3,3.3
339,1.0,1.0,3.0,1.7,2.3,3.0,2.7,2.3,2.0,1.3,1.7,2.7,1.0,1.7,3.3,3.0,1.3,2.0,2.0,2.7,2.0,1.3,3.3,3.0,2.0,3.3,3.0,3.0,2.7,3.0,1.3,2.7,4.0,2.7,2.3,3.0,3.0,3.7,2.3,3.3,3.7
340,1.0,1.0,3.0,2.3,1.0,2.7,3.0,2.7,2.7,1.0,1.7,2.3,2.0,0.0,1.3,2.0,1.7,1.0,1.3,1.3,3.0,1.0,1.0,1.3,WU,3.0,3.0,1.0,4.0,2.0,2.3,1.0,2.0,0.0,3.3,0.0,3.7,0.0,2.0,3.0,1.3
341,2.0,2.7,3.0,2.3,3.3,2.7,3.3,3.0,3.0,1.3,2.7,2.3,3.0,1.0,3.3,3.7,2.7,1.7,2.7,3.0,3.7,2.0,3.7,3.0,2.3,3.0,3.3,3.0,4.0,2.0,3.0,2.0,4.0,2.3,2.0,3.7,3.3,4.0,3.0,3.7,3.7
342,2.7,3.7,4.0,3.3,3.7,3.0,3.3,4.0,3.7,3.3,4.0,3.7,3.3,2.3,3.3,3.0,4.0,2.7,3.0,3.7,3.3,3.7,2.7,2.3,2.3,3.3,1.0,2.0,2.3,3.0,2.3,2.7,4.0,3.0,4.0,3.0,4.0,3.7,3.0,3.0,3.7
343,2.3,3.0,2.7,3.0,4.0,2.0,3.7,3.3,3.0,2.7,3.3,3.7,1.3,2.0,3.3,1.7,3.0,1.3,2.0,3.0,3.7,2.7,3.3,2.0,2.3,3.3,3.0,3.0,3.7,3.0,1.7,2.7,4.0,3.3,3.7,3.0,3.7,4.0,3.3,4.0,3.3
344,3.3,3.0,2.7,3.3,2.7,3.0,3.0,2.7,1.7,1.3,1.7,2.7,1.3,2.7,3.0,3.0,3.0,2.7,1.0,3.3,2.3,1.7,3.0,2.0,1.7,2.7,1.3,1.0,2.3,1.7,1.0,2.7,3.3,1.3,2.0,3.0,2.0,3.0,2.3,3.0,3.7
345,1.7,1.7,1.0,2.0,2.7,1.3,3.0,1.3,3.0,1.3,1.3,3.0,3.0,2.7,3.3,2.7,1.3,2.3,2.0,3.3,2.0,1.7,2.0,1.7,1.3,2.0,1.0,3.7,4.0,1.7,1.3,2.0,4.0,2.0,2.3,2.0,3.0,3.0,2.0,3.0,3.7
346,2.3,3.0,3.7,4.0,4.0,3.3,3.7,4.0,2.7,2.3,2.7,4.0,2.0,3.0,3.0,2.7,2.7,1.7,2.0,3.3,3.7,2.7,3.7,2.7,2.7,3.0,2.7,4.0,2.7,3.0,2.3,3.3,4.0,3.3,1.3,3.0,3.7,4.0,3.7,4.0,3.3
347,3.0,3.0,4.0,3.3,4.0,4.0,3.3,4.0,3.7,2.7,3.7,4.0,4.0,3.0,3.7,3.7,3.7,3.7,4.0,4.0,4.0,3.7,4.0,3.0,4.0,3.7,3.3,4.0,4.0,4.0,2.7,3.7,4.0,3.3,3.7,3.7,4.0,4.0,3.0,4.0,3.7
348,1.0,1.0,1.0,1.0,1.7,1.7,1.7,2.3,2.0,1.0,2.7,3.3,1.0,1.0,1.7,3.0,3.0,1.7,2.0,2.0,1.3,1.0,2.0,1.3,2.0,2.0,3.7,4.0,1.0,3.7,3.0,2.7,4.0,1.3,2.3,1.0,1.7,3.0,1.3,3.3,3.7
349,3.0,2.0,3.3,3.3,4.0,3.3,3.7,3.3,3.3,2.7,3.3,4.0,3.0,3.0,4.0,4.0,2.7,3.0,3.3,3.7,3.7,3.0,3.7,3.0,3.0,3.3,3.3,4.0,3.0,3.7,2.3,4.0,4.0,2.7,3.7,3.0,3.7,4.0,3.0,4.0,3.3
350,3.3,3.7,4.0,3.3,3.7,4.0,3.3,3.7,4.0,3.3,4.0,3.7,3.7,3.0,4.0,3.7,3.7,4.0,4.0,4.0,3.7,3.3,4.0,2.0,4.0,3.0,2.3,4.0,4.0,4.0,3.3,3.7,4.0,3.7,4.0,3.7,3.7,4.0,3.0,4.0,3.3
351,4.0,3.7,4.0,3.3,3.3,3.3,3.7,3.3,4.0,4.0,4.0,4.0,4.0,3.3,4.0,4.0,3.7,3.0,3.7,4.0,3.3,4.0,4.0,3.0,3.0,3.7,3.0,4.0,3.7,4.0,3.0,4.0,4.0,3.7,4.0,4.0,3.7,3.7,3.3,4.0,3.7
352,1.0,1.3,2.7,2.3,1.3,1.0,2.7,1.0,2.0,1.3,1.7,2.7,1.0,4.0,1.7,1.7,1.3,1.7,1.0,2.0,2.0,1.0,1.0,1.3,WU,3.0,1.0,2.3,4.0,2.0,2.3,1.0,4.0,1.3,1.3,0.0,2.0,0.0,1.0,2.7,3.7
353,3.0,4.0,4.0,3.0,3.3,4.0,3.3,2.7,4.0,4.0,4.0,3.7,3.7,3.3,3.3,2.7,4.0,4.0,4.0,3.7,4.0,4.0,3.7,2.3,3.3,3.3,2.0,3.3,3.7,4.0,3.7,2.7,4.0,2.7,2.3,2.7,3.0,3.3,3.0,3.7,3.7
354,2.3,3.3,3.7,3.3,4.0,4.0,3.3,4.0,3.0,2.7,4.0,3.3,3.0,3.3,3.7,3.3,4.0,3.3,3.3,4.0,3.7,3.0,4.0,2.7,3.3,3.7,3.7,4.0,4.0,3.0,2.7,4.0,4.0,3.0,3.7,2.0,3.7,3.7,3.7,4.0,3.7
355,3.0,3.0,3.7,3.7,3.3,3.7,3.3,4.0,2.7,3.0,3.3,4.0,2.7,3.0,3.3,3.3,3.3,3.0,3.0,3.3,3.7,3.7,4.0,3.0,2.3,3.7,3.7,4.0,3.0,4.0,2.0,3.3,4.0,3.3,3.7,3.0,3.7,4.0,3.0,4.0,3.0
356,3.3,3.3,4.0,3.0,3.0,3.0,3.0,4.0,3.0,4.0,3.3,4.0,3.7,4.0,3.3,3.3,2.7,3.0,3.7,4.0,3.3,4.0,3.7,2.7,3.7,3.3,3.3,4.0,4.0,3.3,3.3,3.3,4.0,3.7,2.7,3.7,3.7,4.0,3.0,3.7,2.7
357,3.0,3.7,4.0,3.7,3.7,3.7,3.3,4.0,3.0,3.3,3.7,3.7,4.0,3.7,4.0,4.0,3.3,3.0,3.7,4.0,3.7,4.0,4.0,2.7,3.7,4.0,3.7,4.0,4.0,4.0,3.3,4.0,4.0,3.3,3.7,3.0,3.7,4.0,3.3,4.0,3.3
358,2.0,3.0,4.0,3.3,4.0,3.7,3.0,4.0,3.0,2.7,2.7,3.7,2.0,3.0,3.7,2.7,3.3,2.0,3.0,3.7,3.0,3.0,3.7,2.7,3.0,3.3,3.7,3.7,4.0,3.7,2.3,3.7,4.0,2.7,3.7,2.7,3.0,3.3,2.7,3.7,3.7
359,3.7,3.7,4.0,3.3,4.0,4.0,3.3,4.0,3.3,3.3,4.0,4.0,4.0,4.0,4.0,3.7,4.0,4.0,4.0,4.0,3.7,3.7,3.7,3.0,4.0,4.0,4.0,4.0,4.0,4.0,3.3,4.0,4.0,3.7,4.0,3.0,3.7,4.0,3.7,4.0,3.3
360,3.7,4.0,3.3,3.3,4.0,3.3,3.3,4.0,3.7,3.3,4.0,4.0,3.3,3.3,3.7,3.7,3.7,3.0,3.3,4.0,4.0,3.7,3.3,2.7,3.0,3.0,3.3,4.0,2.7,4.0,2.3,3.3,4.0,3.0,3.7,3.0,3.7,3.7,2.7,3.7,3.0
361,1.3,2.7,2.7,3.3,3.7,4.0,3.0,3.7,2.0,2.7,3.0,3.3,3.3,4.0,4.0,3.3,3.3,2.3,3.3,4.0,3.0,3.0,4.0,3.0,3.0,3.7,3.0,4.0,3.3,4.0,2.3,4.0,4.0,3.7,3.7,2.7,4.0,4.0,2.3,4.0,3.7
362,3.3,4.0,4.0,4.0,4.0,3.7,3.3,4.0,4.0,3.7,4.0,4.0,3.7,4.0,4.0,4.0,4.0,3.7,4.0,4.0,3.3,4.0,4.0,3.0,4.0,4.0,4.0,4.0,4.0,4.0,3.7,4.0,4.0,3.3,3.0,3.3,4.0,4.0,3.3,3.7,3.7
363,1.0,2.3,2.7,2.3,3.7,2.0,3.0,3.3,1.0,3.3,2.7,4.0,3.0,3.3,3.7,3.3,3.0,3.0,2.3,3.7,3.0,3.0,4.0,3.0,3.0,3.3,3.3,3.7,4.0,2.3,3.0,2.7,4.0,2.3,3.7,2.7,3.7,4.0,2.3,4.0,2.7
364,2.7,1.3,3.7,3.0,4.0,2.0,3.0,3.7,2.3,2.0,3.0,4.0,2.0,2.3,3.7,4.0,3.0,3.0,2.3,4.0,2.0,2.3,4.0,3.3,2.3,3.7,3.3,4.0,3.3,4.0,2.3,3.3,4.0,3.7,3.7,3.0,3.7,4.0,3.7,4.0,4.0
365,3.0,3.7,4.0,2.7,4.0,4.0,3.7,4.0,3.7,3.0,3.7,3.7,4.0,3.7,4.0,3.7,4.0,2.3,4.0,4.0,3.7,4.0,4.0,2.7,4.0,3.7,4.0,3.7,4.0,4.0,4.0,4.0,4.0,4.0,3.0,3.0,3.7,4.0,3.7,4.0,3.7
366,2.7,3.3,4.0,4.0,4.0,4.0,3.3,4.0,3.7,3.7,4.0,3.7,3.3,4.0,4.0,4.0,4.0,4.0,4.0,4.0,3.7,4.0,4.0,3.0,4.0,4.0,4.0,4.0,4.0,4.0,3.3,4.0,4.0,3.7,3.0,3.3,3.7,4.0,3.3,4.0,3.7
367,2.7,3.3,4.0,3.3,3.7,2.7,3.0,4.0,3.0,2.7,3.3,4.0,2.0,3.0,3.7,3.7,3.7,3.0,3.7,4.0,3.0,3.0,4.0,3.0,3.0,4.0,4.0,3.7,3.7,4.0,3.3,3.7,4.0,3.7,3.7,3.0,3.7,4.0,3.3,4.0,3.3
368,3.3,4.0,4.0,3.3,4.0,3.7,3.7,3.0,4.0,4.0,4.0,3.3,2.0,1.0,3.3,3.0,3.7,2.3,3.3,3.7,3.3,3.7,3.0,3.0,3.3,3.7,4.0,4.0,3.3,3.7,3.0,2.3,4.0,2.3,4.0,3.0,3.7,3.7,3.0,4.0,3.7
369,1.3,3.7,3.0,3.3,2.0,1.7,3.3,2.3,2.0,1.3,1.3,3.0,4.0,1.0,3.0,2.7,2.0,2.3,2.0,2.3,2.7,1.0,3.7,2.7,2.0,2.7,2.0,3.7,2.0,1.3,2.3,3.0,4.0,2.0,2.7,2.0,3.7,3.0,3.0,3.7,2.7
370,2.0,3.3,4.0,3.7,4.0,4.0,3.7,4.0,3.3,3.3,3.7,4.0,2.7,3.7,3.7,4.0,3.7,3.0,3.7,4.0,3.0,2.3,4.0,2.7,3.7,4.0,4.0,4.0,4.0,4.0,3.0,4.0,4.0,3.0,4.0,3.0,3.7,3.7,3.0,4.0,3.3
371,2.3,3.3,3.0,3.0,4.0,3.3,3.3,4.0,3.0,4.0,3.7,4.0,2.7,3.3,4.0,4.0,4.0,2.3,4.0,3.7,3.3,3.7,4.0,3.0,3.7,4.0,4.0,4.0,4.0,4.0,3.7,4.0,4.0,3.3,3.7,3.0,3.7,4.0,2.7,4.0,3.3
372,3.7,3.0,3.7,4.0,4.0,3.7,3.7,4.0,3.3,3.0,3.3,3.3,3.0,3.3,4.0,4.0,4.0,3.3,4.0,3.7,3.3,4.0,4.0,3.0,3.7,4.0,4.0,4.0,4.0,4.0,3.7,4.0,4.0,3.7,3.0,3.0,3.7,4.0,3.7,4.0,4.0
373,2.3,2.3,3.0,2.3,4.0,3.0,3.3,4.0,2.3,1.3,1.3,4.0,3.3,3.7,3.7,3.7,2.7,3.7,2.7,3.3,2.7,2.7,3.7,3.0,2.3,3.3,3.7,3.7,3.7,3.3,2.7,3.3,4.0,3.0,2.3,3.0,3.7,3.7,3.7,3.7,3.3
374,2.0,3.3,4.0,3.3,4.0,3.0,3.3,3.3,2.7,2.3,3.3,3.7,3.7,3.3,3.3,3.7,3.3,3.7,3.3,3.7,3.3,3.3,3.7,2.7,3.0,3.7,4.0,4.0,4.0,4.0,2.7,4.0,4.0,3.7,4.0,3.0,3.7,4.0,3.0,4.0,3.3
375,1.0,2.0,3.0,2.7,2.7,2.7,3.3,4.0,1.3,2.0,1.7,3.3,1.7,2.7,3.0,3.3,2.0,3.0,2.3,3.0,2.3,1.3,3.3,2.3,2.7,3.0,2.3,3.3,1.0,3.3,2.7,1.0,3.7,1.3,2.0,2.0,3.7,3.0,1.7,3.7,2.0
376,2.3,2.0,3.7,3.3,4.0,3.3,3.7,4.0,3.0,3.0,3.7,3.3,3.3,3.7,3.7,3.7,3.7,3.0,3.7,4.0,3.3,3.7,3.7,3.0,3.3,4.0,3.7,4.0,4.0,4.0,3.0,3.7,4.0,3.7,3.7,2.7,3.7,4.0,3.3,4.0,3.3
377,3.3,1.0,1.7,2.0,3.3,1.3,3.7,2.3,1.7,2.0,1.7,3.0,1.0,1.0,3.3,2.7,1.7,2.3,2.0,3.7,3.7,2.0,3.3,2.3,1.7,3.3,3.0,3.7,2.0,2.0,2.0,2.0,3.7,2.3,3.7,2.3,3.0,3.7,3.0,3.7,3.7
378,1.0,2.0,4.0,2.0,2.7,2.7,2.7,2.3,1.3,2.7,2.0,2.3,3.7,2.0,3.0,2.7,1.7,3.0,1.0,2.7,2.7,1.3,2.7,2.3,1.0,2.0,3.0,4.0,4.0,2.0,1.3,2.3,4.0,2.0,2.7,2.3,3.7,3.3,3.0,3.7,3.3
379,4.0,3.7,4.0,3.3,4.0,3.3,3.3,4.0,3.0,4.0,4.0,4.0,3.7,3.3,3.3,2.7,3.7,4.0,2.7,4.0,3.7,4.0,4.0,2.3,3.3,3.3,3.3,4.0,2.0,4.0,4.0,3.7,4.0,3.3,4.0,3.3,3.7,4.0,4.0,4.0,4.0
380,2.3,3.3,3.7,3.3,3.7,2.7,3.3,4.0,3.3,2.0,3.3,3.7,1.3,3.0,3.7,4.0,3.3,2.7,3.3,3.7,3.0,3.7,3.7,2.7,3.0,3.7,3.7,4.0,3.0,4.0,3.7,4.0,4.0,3.3,3.7,3.0,3.7,4.0,3.7,4.0,3.3
381,3.0,3.7,1.0,1.7,2.7,3.0,3.7,2.0,3.0,1.7,3.0,3.3,3.3,4.0,2.7,3.0,1.3,2.0,1.7,2.0,3.3,1.0,3.3,2.7,1.3,3.0,3.0,4.0,2.0,2.7,2.7,2.7,4.0,2.7,3.3,2.3,3.7,4.0,3.3,4.0,3.7
382,1.0,2.0,1.0,1.0,3.0,2.7,3.3,1.3,1.0,1.0,1.3,3.0,1.7,3.7,1.7,3.0,2.7,1.0,2.0,1.7,2.0,2.0,1.0,3.0,0.0,3.0,1.7,3.0,4.0,0.0,2.3,1.0,2.3,1.7,1.3,0.0,2.3,0.0,1.3,3.3,3.7
383,3.0,3.3,1.0,1.7,3.7,2.3,3.3,1.7,2.3,2.3,2.0,3.7,1.7,1.0,3.3,3.3,1.3,3.7,2.0,2.3,3.3,3.3,3.3,3.0,2.7,3.3,3.0,4.0,1.0,3.7,2.0,2.0,4.0,2.0,4.0,2.7,3.7,4.0,4.0,4.0,3.3
384,3.0,1.7,3.0,3.3,4.0,2.3,3.7,3.7,2.7,1.7,2.3,3.7,2.3,3.0,3.7,3.3,2.0,2.7,2.0,2.7,3.7,1.3,3.7,2.7,2.0,3.7,3.3,3.7,2.3,3.0,1.7,2.7,4.0,2.7,3.0,2.0,3.3,4.0,3.3,3.7,3.7
385,1.7,2.0,2.0,2.7,2.7,2.0,3.3,2.7,2.0,2.3,3.0,3.3,1.0,1.7,3.3,3.0,2.3,2.3,2.3,2.3,2.3,1.7,4.0,2.7,2.0,3.0,3.0,4.0,2.7,3.7,2.3,3.0,4.0,2.3,3.7,3.0,3.7,3.7,3.0,3.7,3.0
386,1.0,2.3,2.0,1.7,2.7,1.7,2.3,3.0,1.7,4.0,2.7,2.7,2.7,2.0,3.0,3.0,1.3,3.0,2.0,3.0,1.7,2.0,1.7,2.0,1.7,3.3,2.3,4.0,2.0,3.0,2.7,2.7,4.0,2.3,4.0,2.0,3.7,3.3,2.7,3.7,3.3
387,1.0,1.0,1.7,3.0,1.0,1.7,3.0,1.0,2.0,1.0,1.0,1.7,1.0,3.0,1.7,1.3,1.0,1.7,1.7,2.0,2.3,1.3,1.0,1.7,1.0,2.3,3.0,1.3,3.3,1.7,1.3,1.7,2.0,0.0,3.3,0.0,3.7,0.0,2.7,3.0,0.0
388,1.0,2.3,1.7,1.0,2.7,3.0,3.7,2.0,3.3,1.7,2.3,3.7,1.7,3.7,3.0,3.7,2.7,2.0,2.7,2.3,3.3,1.0,3.3,2.3,2.0,3.0,2.7,3.7,1.0,3.3,1.0,2.0,4.0,1.7,3.0,1.3,1.7,4.0,2.3,3.7,3.7
389,3.3,3.0,4.0,2.7,3.3,3.3,3.3,4.0,3.0,2.7,3.0,3.7,3.0,3.3,3.7,3.3,3.0,2.7,3.0,2.7,3.3,3.0,3.7,2.3,2.7,3.7,3.0,4.0,3.0,3.7,2.7,3.3,4.0,3.0,3.0,2.7,3.0,4.0,3.3,3.7,3.7
390,2.0,2.0,3.0,2.7,3.3,2.7,2.7,3.3,2.0,1.7,3.3,3.3,1.3,1.7,3.3,3.7,2.7,3.7,1.3,2.7,2.0,2.0,3.0,2.3,1.7,3.0,2.3,4.0,2.0,2.7,2.0,2.3,4.0,2.0,3.7,2.7,3.7,4.0,3.0,3.7,3.7
391,2.3,1.3,3.0,2.3,3.7,2.7,3.3,3.0,2.0,1.3,3.0,4.0,1.0,1.7,3.7,3.3,2.3,3.0,3.3,3.3,3.3,2.3,3.0,3.7,2.0,3.7,4.0,4.0,3.0,3.0,3.0,3.3,4.0,3.3,2.3,3.0,3.7,4.0,3.3,4.0,4.0
392,3.0,3.7,4.0,2.0,4.0,3.7,3.0,4.0,3.0,3.0,3.7,2.3,3.7,3.0,3.3,3.7,2.7,3.0,4.0,4.0,2.7,3.0,3.3,3.0,3.0,4.0,3.7,4.0,3.0,3.7,3.7,4.0,4.0,3.0,3.0,3.3,3.7,3.7,2.3,3.7,3.3
393,1.0,2.7,3.0,3.3,3.3,3.0,3.0,3.3,1.3,2.0,2.3,3.7,1.7,1.7,3.7,3.3,2.0,3.0,1.7,3.3,2.7,1.7,3.3,3.7,2.7,3.3,2.0,3.0,3.7,3.0,1.0,1.7,4.0,2.7,3.0,3.3,2.7,4.0,2.7,3.7,3.7
394,2.7,2.3,3.3,4.0,3.0,2.0,3.3,3.0,2.7,1.7,3.0,3.7,1.7,1.7,3.3,3.3,3.0,3.3,2.3,3.7,3.7,2.7,4.0,3.7,2.0,3.7,3.3,4.0,3.7,3.3,1.7,3.3,4.0,3.0,3.7,2.7,3.7,4.0,3.7,4.0,3.0
395,2.0,3.3,2.7,3.0,3.3,2.3,3.3,4.0,2.0,1.0,1.7,3.7,1.0,2.0,3.7,3.7,3.7,2.3,3.0,3.7,3.3,3.0,3.7,3.3,1.7,3.0,3.0,3.7,3.3,3.3,2.3,3.7,4.0,3.7,3.0,3.0,3.7,4.0,3.3,3.7,3.3
396,2.7,2.7,3.0,3.0,4.0,1.3,3.7,3.3,2.3,2.0,3.0,4.0,2.7,1.7,3.3,4.0,3.3,4.0,2.0,4.0,3.7,2.3,3.3,3.7,1.7,4.0,3.7,3.3,2.0,3.3,2.0,3.7,4.0,3.0,3.3,3.3,3.3,3.7,3.7,3.7,3.7
397,1.7,2.3,2.7,1.7,1.7,1.7,3.0,1.3,1.3,1.0,1.3,3.3,1.3,1.0,2.7,2.0,2.0,2.0,1.3,2.0,3.0,1.0,0.0,3.0,2.0,1.7,4.0,4.0,0.0,1.7,2.7,1.0,4.0,1.0,3.7,1.3,3.7,3.3,2.3,3.3,2.7
398,1.7,3.0,4.0,3.7,3.7,2.7,3.3,4.0,1.7,2.0,3.0,4.0,2.3,2.7,4.0,3.3,2.7,2.7,2.3,4.0,3.7,2.3,3.7,3.3,1.7,3.7,3.7,4.0,3.7,3.0,2.0,3.7,4.0,3.0,3.7,3.0,3.7,3.7,3.0,4.0,3.0
399,1.0,1.7,3.0,3.0,3.0,2.7,2.7,3.7,2.3,2.0,3.0,3.0,1.0,1.7,3.0,2.3,2.3,1.7,3.0,2.7,2.3,1.3,2.0,3.0,2.0,2.7,3.3,4.0,1.7,2.7,2.7,2.3,4.0,2.0,2.0,2.3,3.7,3.3,2.7,3.3,2.7
400,1.0,2.7,1.0,2.3,3.0,3.0,3.0,3.3,3.3,2.3,2.7,3.0,1.3,2.3,2.7,2.7,2.7,2.3,3.0,2.7,2.0,2.0,2.3,3.0,1.7,2.3,3.0,3.7,1.0,2.0,1.0,2.0,4.0,1.3,1.3,2.3,3.7,3.7,2.0,3.0,3.0
401,1.0,1.0,2.7,1.0,2.7,1.7,3.0,3.0,3.0,1.0,1.7,2.3,2.3,4.0,3.0,2.0,1.7,1.3,1.7,3.0,2.3,1.7,3.0,3.0,1.7,1.7,2.7,4.0,4.0,1.7,1.7,2.0,3.3,1.7,1.3,2.3,2.7,3.7,2.7,3.7,3.7
402,2.7,1.3,1.3,1.0,4.0,2.3,3.7,3.3,2.0,1.3,2.0,3.3,2.0,1.0,2.7,3.3,2.0,3.0,1.3,3.3,3.0,1.7,3.0,3.3,1.3,2.0,2.3,2.7,3.3,2.0,1.0,1.7,4.0,2.0,2.0,2.0,3.7,3.0,2.3,3.7,3.0
403,1.0,1.0,3.0,1.3,1.7,3.0,3.0,1.3,1.3,1.0,1.7,3.3,3.0,2.3,2.3,3.0,1.3,2.3,2.0,3.0,2.7,1.0,3.3,2.7,1.3,2.0,3.0,4.0,1.0,2.7,1.0,2.0,4.0,2.0,2.0,2.0,3.3,3.7,3.3,4.0,3.7
404,1.0,1.7,1.0,1.7,2.0,2.0,3.3,3.0,1.7,1.3,1.7,3.3,2.3,2.0,3.0,3.3,2.7,3.0,2.0,3.0,3.3,2.0,3.0,1.7,1.7,2.7,3.0,4.0,1.7,3.0,2.0,3.0,4.0,1.3,3.0,2.0,2.7,3.7,3.0,4.0,3.7
405,1.3,2.0,2.7,2.3,2.7,2.7,3.0,4.0,3.3,2.0,3.3,2.7,3.0,2.7,3.0,2.3,2.3,3.0,2.0,4.0,2.0,2.0,3.7,1.7,2.3,2.0,3.0,4.0,3.0,2.0,1.0,2.3,4.0,2.0,1.3,3.0,3.0,3.7,2.3,3.7,3.7
406,2.7,2.7,3.3,3.0,3.3,3.3,3.3,4.0,2.7,3.3,3.0,3.7,3.3,3.0,3.3,3.0,2.7,3.7,3.3,4.0,3.0,1.7,3.3,3.0,2.7,3.3,3.0,4.0,3.3,3.7,2.7,2.3,4.0,2.7,3.7,3.0,3.7,4.0,3.0,3.7,3.3
407,1.0,1.0,3.0,3.0,3.0,2.0,3.0,3.3,1.0,1.7,2.0,3.7,1.3,2.7,2.7,3.3,2.3,3.7,2.0,3.3,3.0,2.3,3.3,3.3,1.7,3.0,2.7,4.0,1.7,3.0,1.7,3.3,4.0,3.0,3.3,3.0,3.7,3.7,3.0,4.0,3.3
408,1.0,2.0,1.0,1.3,2.3,2.7,3.0,1.3,1.3,3.0,1.3,2.0,3.7,2.3,2.3,2.0,1.3,1.3,1.3,2.7,3.3,1.7,3.3,2.7,1.3,4.0,2.0,3.7,2.3,1.7,1.7,1.7,4.0,2.0,2.0,2.7,3.0,3.3,2.3,3.7,3.7
409,3.0,3.0,1.0,4.0,2.0,1.7,3.7,2.0,2.0,1.0,1.0,2.3,3.0,1.0,2.3,1.0,2.3,2.3,1.0,3.3,3.3,2.7,2.3,2.3,2.3,4.0,1.7,3.3,1.0,1.0,3.0,1.7,4.0,1.3,2.3,1.3,2.3,2.7,2.0,3.7,3.7
410,1.0,1.0,1.0,1.3,1.7,3.0,2.3,2.3,1.0,1.0,1.0,3.0,3.7,1.0,2.3,1.7,4.0,1.3,1.3,2.0,2.0,2.0,2.3,2.3,1.3,3.0,1.3,3.7,4.0,3.3,3.0,1.3,1.0,1.7,2.7,0.0,2.0,1.3,2.3,3.3,3.7
411,1.3,1.3,2.0,1.0,2.0,2.0,2.7,2.3,1.3,1.3,2.0,1.7,1.0,1.0,2.3,2.3,2.7,1.3,1.7,3.0,3.0,2.0,1.7,2.3,1.7,1.3,1.0,3.7,1.0,3.0,2.0,1.3,4.0,1.3,2.3,2.7,1.3,3.0,1.3,3.3,3.7
412,1.3,3.7,2.7,2.0,2.7,2.3,3.7,3.0,2.7,1.7,2.3,2.3,3.0,2.0,2.3,2.7,3.0,2.0,2.3,2.3,3.7,3.0,2.0,2.7,1.3,2.7,2.0,4.0,1.0,2.0,1.3,1.0,4.0,1.7,3.0,2.0,2.0,4.0,2.0,3.3,3.7
413,1.3,1.0,2.0,1.0,1.7,3.3,3.0,1.3,3.0,2.0,1.0,3.0,1.0,1.0,3.0,2.7,2.3,3.3,1.7,3.3,2.0,2.0,2.7,2.3,1.0,1.7,1.7,3.7,4.0,2.0,1.0,2.3,4.0,3.0,2.3,2.0,2.7,3.3,1.3,3.3,3.7
414,1.0,3.3,3.7,2.0,2.0,4.0,3.0,3.7,2.3,2.0,3.3,3.0,2.7,3.0,3.3,2.7,4.0,1.7,3.7,4.0,3.0,3.3,4.0,2.7,3.7,3.0,2.3,4.0,3.3,2.7,3.3,2.3,4.0,1.7,3.7,2.7,3.7,4.0,3.3,3.7,3.0
415,1.0,2.0,3.0,1.0,2.7,1.7,3.0,2.7,1.3,1.0,1.0,2.0,1.7,1.3,1.3,3.0,1.7,2.3,1.3,2.3,1.3,1.3,1.7,1.3,1.7,2.0,1.7,3.3,1.0,3.3,1.3,1.0,3.3,2.0,1.7,1.7,3.7,2.0,1.0,3.7,3.0
416,2.0,1.3,1.0,1.7,3.0,2.3,3.3,2.7,2.0,2.0,3.0,3.3,2.0,2.0,3.7,3.0,3.0,2.0,2.0,3.0,3.0,2.0,3.7,3.0,2.7,3.7,3.0,3.3,3.0,3.0,2.3,3.0,4.0,2.7,2.0,3.7,3.0,4.0,3.3,3.7,3.7
417,3.7,4.0,2.3,4.0,4.0,3.0,3.7,3.3,3.0,1.7,1.7,3.3,4.0,3.0,3.3,3.7,2.0,2.0,3.3,2.7,4.0,3.7,3.3,3.3,2.3,3.0,3.3,4.0,2.0,4.0,3.3,3.0,4.0,3.0,4.0,3.0,3.7,4.0,3.7,4.0,4.0
418,4.0,3.7,2.3,4.0,4.0,3.0,4.0,4.0,3.0,3.3,2.3,3.7,3.0,3.7,4.0,3.3,3.3,2.7,3.0,4.0,3.3,2.7,3.7,3.0,2.7,3.3,3.0,4.0,4.0,4.0,2.7,4.0,4.0,3.3,3.7,3.0,3.7,4.0,3.7,4.0,3.3
419,4.0,4.0,3.3,4.0,4.0,2.7,4.0,4.0,3.3,4.0,3.0,4.0,4.0,3.7,4.0,3.7,4.0,4.0,4.0,4.0,3.7,3.3,4.0,2.7,3.7,3.7,3.0,4.0,4.0,4.0,3.7,4.0,4.0,3.7,4.0,3.3,3.7,4.0,3.7,4.0,3.7
420,4.0,4.0,2.3,4.0,2.3,3.3,3.7,4.0,3.7,3.3,2.3,4.0,4.0,3.7,3.3,3.3,2.0,2.3,3.7,3.7,4.0,2.3,3.3,3.3,2.7,3.7,2.3,4.0,1.7,3.3,2.0,3.0,4.0,3.7,3.7,4.0,3.3,4.0,3.0,4.0,3.7
421,3.7,3.3,2.7,4.0,4.0,3.0,4.0,4.0,3.0,3.0,2.0,4.0,3.7,3.0,3.3,3.3,3.0,3.0,3.0,3.3,3.3,3.0,3.3,3.0,2.3,3.0,3.0,4.0,4.0,3.7,2.3,3.3,4.0,2.7,3.7,3.0,3.7,4.0,2.0,3.7,3.0
422,1.3,1.3,2.7,1.7,1.3,2.3,2.7,1.0,1.7,2.3,1.0,2.7,1.0,3.3,1.7,1.0,1.7,1.7,1.7,2.0,3.0,1.0,2.3,2.3,2.7,1.0,1.0,3.0,4.0,1.0,0.0,2.0,1.3,2.7,3.0,1.3,3.7,2.0,2.7,3.3,1.3
423,1.0,1.3,1.0,1.0,1.7,2.0,2.3,2.7,2.0,2.0,1.0,2.7,1.7,1.0,2.3,3.3,1.3,3.0,1.3,2.7,3.0,2.7,0.0,3.0,2.0,1.3,3.0,2.3,1.3,0.0,1.0,1.0,1.0,1.0,1.3,1.0,1.0,W,2.0,3.0,3.7
424,1.7,1.3,2.7,2.3,1.3,1.7,3.7,1.7,1.3,1.3,1.3,1.3,1.3,1.3,1.3,1.3,1.3,1.3,1.3,3.0,2.0,1.3,1.7,2.0,1.3,3.0,3.0,1.0,3.7,2.3,2.0,1.0,W,2.0,2.7,0.0,1.3,W,1.0,3.0,3.7
425,3.3,2.3,4.0,3.3,3.7,3.7,3.0,2.0,3.3,3.7,3.0,2.3,3.0,3.3,2.7,3.3,3.3,3.3,3.3,3.0,3.0,3.0,3.7,3.7,2.3,3.0,3.3,3.7,3.3,2.7,2.7,2.7,4.0,2.7,3.7,3.0,3.3,3.0,3.7,3.0,3.0
426,4.0,3.7,4.0,3.7,3.7,4.0,2.7,4.0,3.7,3.7,3.7,3.0,4.0,4.0,3.7,4.0,4.0,4.0,3.7,4.0,2.7,4.0,4.0,3.0,3.3,3.7,4.0,3.7,4.0,4.0,3.0,3.7,4.0,4.0,4.0,4.0,4.0,3.3,3.3,3.3,3.7
427,4.0,4.0,4.0,4.0,4.0,4.0,4.0,4.0,4.0,4.0,4.0,3.3,4.0,4.0,4.0,4.0,4.0,4.0,4.0,4.0,4.0,4.0,4.0,4.0,4.0,4.0,4.0,4.0,4.0,4.0,4.0,4.0,4.0,4.0,4.0,4.0,4.0,3.7,4.0,4.0,4.0
428,3.7,3.0,4.0,3.7,3.7,4.0,3.0,4.0,3.7,2.7,3.0,3.3,4.0,4.0,3.7,3.7,3.7,3.7,3.0,3.7,3.7,3.3,4.0,2.7,3.0,3.3,3.7,3.3,4.0,4.0,3.0,3.3,4.0,2.7,3.3,3.3,3.3,3.0,3.0,3.3,3.0
429,3.7,3.0,4.0,3.7,3.7,3.7,3.0,3.0,3.3,2.7,2.0,3.3,4.0,4.0,3.0,3.7,3.7,3.3,2.7,3.0,2.7,3.0,4.0,2.7,2.0,2.3,3.0,2.3,3.7,1.3,1.3,1.7,3.0,2.0,3.0,2.7,2.0,2.3,3.3,3.0,2.0
430,4.0,3.3,4.0,3.7,3.3,4.0,3.3,3.7,3.0,3.3,4.0,3.0,4.0,4.0,3.7,4.0,4.0,4.0,3.3,4.0,3.7,3.3,3.7,3.0,3.3,3.3,3.3,2.7,3.7,2.7,2.3,3.3,3.7,2.3,3.3,3.3,2.7,3.3,3.3,2.3,2.7
431,2.0,2.0,4.0,3.7,2.7,3.3,2.3,2.0,3.0,2.7,1.0,3.0,1.0,3.0,2.3,3.3,2.3,2.7,1.3,3.0,3.0,2.0,4.0,3.0,2.3,3.3,3.3,3.3,3.0,2.7,1.7,2.0,3.7,3.0,4.0,2.0,3.0,2.3,3.7,3.3,3.0
432,3.3,2.3,4.0,3.7,2.7,4.0,3.7,3.3,3.7,2.7,1.3,3.0,2.7,2.0,3.3,3.0,3.0,2.0,2.7,2.7,3.0,2.7,3.3,3.0,2.0,3.0,3.0,2.0,3.3,1.0,1.0,1.0,3.7,1.7,3.0,2.0,2.0,1.7,3.0,3.0,W
433,3.3,3.0,4.0,3.7,3.0,4.0,3.0,3.0,3.3,3.3,4.0,3.3,4.0,4.0,3.7,4.0,3.7,3.7,3.3,4.0,3.3,3.7,4.0,3.3,3.0,3.7,4.0,3.3,3.7,3.3,2.3,3.3,3.7,2.3,4.0,3.0,3.3,3.0,3.3,3.0,3.0
434,3.7,1.7,3.3,4.0,3.0,2.7,3.7,2.0,3.7,1.7,2.3,3.0,3.0,2.0,3.3,3.0,3.3,2.3,2.7,3.0,2.7,3.0,4.0,3.3,2.0,3.7,3.0,2.7,3.0,3.0,2.3,2.7,3.7,3.3,4.0,2.0,3.0,3.3,3.7,3.7,2.7
435,4.0,2.7,4.0,4.0,3.0,4.0,3.7,3.0,3.7,3.0,3.7,3.7,3.7,4.0,3.7,4.0,3.3,3.7,3.3,2.7,4.0,3.7,4.0,3.7,2.7,3.7,4.0,3.3,3.7,3.0,2.7,3.3,4.0,3.0,3.7,3.3,3.7,3.3,4.0,4.0,3.7
436,4.0,3.0,4.0,3.3,4.0,4.0,2.3,4.0,4.0,3.0,3.7,3.3,4.0,4.0,3.7,4.0,4.0,4.0,3.7,3.7,2.7,3.7,4.0,3.0,3.3,3.7,4.0,4.0,4.0,4.0,3.0,4.0,4.0,4.0,4.0,3.7,4.0,2.3,4.0,4.0,4.0
437,4.0,3.7,4.0,4.0,3.7,4.0,3.0,4.0,4.0,3.0,4.0,3.7,4.0,4.0,4.0,4.0,4.0,4.0,4.0,3.3,3.0,3.7,4.0,3.7,3.3,3.7,4.0,4.0,4.0,4.0,3.3,4.0,4.0,4.0,4.0,4.0,4.0,3.7,4.0,3.7,3.7
438,3.7,1.0,4.0,3.3,3.0,4.0,3.3,3.0,3.7,3.3,3.0,3.0,2.7,3.7,3.0,4.0,4.0,3.3,3.0,3.3,3.3,3.0,3.7,3.3,2.7,3.3,3.7,3.7,3.7,2.7,2.7,1.7,3.3,2.0,3.3,3.0,3.3,2.3,3.0,3.7,3.3
439,3.3,2.3,4.0,3.7,3.3,3.7,2.7,3.7,3.7,3.0,4.0,3.0,2.3,2.7,3.3,4.0,3.3,3.3,3.3,3.3,3.0,3.3,4.0,2.3,2.3,3.3,3.3,2.7,2.3,2.0,1.7,2.0,3.0,2.0,4.0,1.3,2.7,2.7,3.0,2.0,2.7
440,4.0,2.7,4.0,3.7,4.0,3.7,3.3,4.0,3.7,3.0,3.7,2.0,3.3,4.0,4.0,4.0,4.0,3.3,4.0,3.7,3.3,4.0,4.0,3.7,3.7,4.0,4.0,4.0,4.0,4.0,3.0,4.0,4.0,4.0,4.0,3.0,4.0,3.3,4.0,4.0,3.7
441,4.0,2.0,4.0,4.0,3.0,3.7,3.7,1.7,3.7,2.7,3.0,3.0,2.7,3.7,2.7,3.0,2.7,2.3,2.0,2.3,3.0,2.3,4.0,3.0,2.0,3.0,3.0,2.0,2.3,2.3,2.0,1.7,4.0,2.3,4.0,3.0,2.7,3.0,3.3,2.0,2.7
442,3.3,2.0,4.0,2.3,3.7,3.3,4.0,3.3,4.0,3.7,3.3,2.7,2.0,3.7,3.0,3.7,3.3,2.3,2.7,3.0,3.7,3.0,4.0,3.3,3.0,3.0,2.7,3.3,1.7,3.3,1.7,3.0,4.0,3.3,4.0,1.7,2.3,3.0,4.0,3.7,3.0
443,4.0,3.0,4.0,3.0,3.0,4.0,3.0,3.7,3.0,3.3,3.3,3.7,3.7,4.0,2.7,3.3,4.0,3.3,2.0,2.0,2.0,3.3,3.3,3.0,2.3,2.7,3.0,3.7,4.0,3.7,2.3,2.3,4.0,2.7,3.7,2.0,3.0,2.3,2.7,2.3,3.0
444,3.3,2.3,3.3,3.0,2.0,3.7,3.0,3.0,3.3,2.0,2.3,2.7,2.0,2.3,2.7,3.0,2.7,1.0,1.3,2.0,2.7,1.0,3.0,3.3,2.0,1.7,2.3,2.0,1.3,1.0,2.0,1.7,3.0,2.0,3.3,1.0,2.3,3.7,3.3,2.7,1.7
445,3.3,1.3,3.7,3.7,1.7,3.7,3.0,1.0,3.3,1.7,1.7,3.7,1.7,1.0,3.0,3.3,3.0,2.7,2.0,3.0,3.0,1.3,3.7,3.3,2.7,3.3,2.7,3.0,3.3,2.0,2.0,2.0,3.3,3.0,4.0,1.7,3.0,2.7,3.7,3.0,2.3
446,3.0,1.0,3.7,1.3,3.0,3.3,2.3,2.3,1.7,1.0,1.7,2.3,4.0,2.3,2.7,2.0,1.7,2.3,3.0,1.7,1.7,1.0,1.0,2.7,1.3,2.0,2.0,2.3,2.3,0.0,2.0,1.0,3.0,2.0,2.7,0.0,0.0,1.7,3.0,1.3,1.0
447,2.7,3.7,3.3,1.0,3.0,3.0,1.3,3.3,1.0,2.0,1.3,3.3,2.3,3.3,2.0,1.3,2.3,1.3,3.3,3.0,1.7,2.0,1.0,1.0,1.0,1.0,1.7,2.3,2.3,1.3,WU,0.0,1.7,1.0,2.7,0.0,W,0.0,1.3,0.0,1.3
448,3.7,2.0,4.0,4.0,3.7,4.0,3.3,2.7,3.3,3.0,3.0,3.3,2.7,3.3,3.7,4.0,4.0,3.7,2.7,3.7,3.7,3.3,4.0,3.3,3.0,3.3,3.7,3.7,3.7,3.3,3.0,4.0,3.3,3.0,4.0,3.3,3.7,3.7,4.0,4.0,3.7
449,4.0,3.7,4.0,4.0,4.0,4.0,3.0,3.7,4.0,4.0,4.0,3.7,4.0,4.0,4.0,4.0,4.0,4.0,4.0,3.7,4.0,4.0,4.0,3.3,4.0,4.0,4.0,4.0,4.0,4.0,3.7,4.0,4.0,4.0,4.0,3.7,4.0,3.7,3.7,3.7,4.0
450,4.0,3.3,4.0,4.0,4.0,4.0,3.0,4.0,3.7,4.0,3.7,3.0,3.7,4.0,3.7,3.7,4.0,3.7,3.3,3.7,3.7,3.7,4.0,3.7,3.0,3.3,3.7,4.0,4.0,3.3,3.3,3.0,3.7,3.7,3.3,3.0,3.3,2.0,3.3,3.7,3.0
451,2.3,1.0,3.3,2.0,1.3,2.0,1.3,3.0,2.3,1.0,2.0,3.3,2.0,2.3,1.7,2.0,2.7,3.0,3.7,1.0,2.0,1.7,3.7,3.0,2.0,2.0,2.7,2.7,2.0,2.3,2.3,2.0,3.3,2.7,3.7,1.7,2.0,2.3,3.0,2.0,2.3
452,4.0,3.3,4.0,2.3,3.3,3.3,4.0,4.0,4.0,4.0,4.0,2.7,4.0,3.0,2.0,4.0,3.7,3.7,2.7,3.0,3.3,2.3,4.0,3.3,2.3,3.3,2.0,3.0,3.3,3.3,1.3,3.3,4.0,3.7,4.0,3.0,3.0,3.3,3.7,3.7,3.0
453,3.3,1.0,4.0,4.0,2.7,4.0,2.7,2.7,4.0,3.7,3.0,3.3,1.0,2.7,2.0,3.3,3.7,3.3,2.3,2.7,3.0,3.3,4.0,2.7,3.0,2.7,3.7,4.0,3.0,2.7,3.7,1.0,3.0,2.3,3.0,W,W,1.7,2.0,2.7,W
454,3.0,1.3,3.7,3.7,2.0,4.0,2.0,2.7,2.7,2.7,1.0,4.0,2.0,3.0,0.0,0.0,3.0,3.3,1.7,2.0,2.7,2.0,3.3,WU,1.3,1.7,2.0,2.7,2.0,0.0,2.0,1.7,1.7,0.0,3.0,1.0,W,0.0,0.0,0.0,1.0
455,4.0,3.0,4.0,3.0,3.0,4.0,3.3,3.0,4.0,4.0,4.0,2.7,2.7,3.0,2.7,2.7,3.7,4.0,2.3,2.0,3.0,4.0,2.3,3.3,2.0,3.0,2.7,3.3,2.7,2.0,1.7,1.7,2.3,2.0,3.7,2.0,2.0,2.0,3.0,3.0,2.3
456,3.3,2.0,4.0,2.0,2.0,2.0,2.3,4.0,2.0,1.7,3.3,3.0,2.3,3.0,2.3,3.3,3.0,2.3,2.0,3.0,2.7,1.7,4.0,3.0,2.0,3.0,2.7,1.3,3.0,2.0,3.7,2.0,3.7,2.7,3.3,2.0,1.7,2.3,2.7,2.3,1.7
457,1.7,2.3,3.3,1.0,1.3,3.0,3.0,4.0,3.0,2.7,1.7,3.3,1.3,2.3,2.0,2.7,1.7,2.3,2.0,1.3,3.7,3.3,3.3,3.0,4.0,1.7,1.0,2.0,1.3,1.0,3.3,1.3,2.7,2.0,4.0,0.0,1.3,3.3,3.7,2.3,1.0
458,2.0,1.0,3.7,3.3,3.7,3.0,3.0,2.7,2.3,1.3,3.3,3.0,1.0,4.0,1.7,2.0,1.7,2.7,2.0,1.7,2.3,1.7,2.7,3.0,3.0,2.0,1.0,2.0,1.7,1.7,3.0,1.3,2.0,2.0,2.7,0.0,1.0,3.0,3.0,2.0,1.3
459,4.0,4.0,4.0,4.0,4.0,4.0,3.7,4.0,4.0,3.3,4.0,3.7,3.0,4.0,4.0,4.0,4.0,4.0,4.0,4.0,4.0,4.0,4.0,4.0,4.0,4.0,4.0,4.0,4.0,4.0,4.0,4.0,4.0,4.0,4.0,4.0,4.0,3.3,4.0,4.0,4.0
460,3.3,2.7,4.0,4.0,3.0,4.0,3.3,3.0,3.3,3.7,3.3,3.3,2.7,3.7,4.0,4.0,3.3,3.3,3.0,3.3,2.7,3.3,4.0,3.7,3.0,3.3,3.3,3.0,3.3,2.7,1.7,3.7,4.0,3.0,4.0,3.3,3.3,3.3,4.0,3.3,3.3
461,4.0,3.7,4.0,4.0,4.0,4.0,3.7,3.3,3.7,4.0,4.0,3.7,4.0,3.7,3.0,4.0,4.0,4.0,4.0,3.7,4.0,4.0,4.0,3.7,3.7,4.0,4.0,4.0,4.0,4.0,3.7,4.0,4.0,3.0,4.0,3.7,4.0,3.3,4.0,3.7,3.7
462,4.0,2.0,4.0,4.0,3.0,4.0,3.3,3.3,3.7,3.3,1.7,3.7,3.0,3.3,3.0,3.7,3.7,3.3,2.3,3.0,3.3,3.7,4.0,3.3,3.0,3.3,3.7,3.3,3.7,3.0,2.0,3.7,4.0,3.0,4.0,2.7,3.3,3.0,3.7,3.3,3.0
463,4.0,3.3,4.0,4.0,3.7,4.0,4.0,3.7,4.0,4.0,4.0,3.3,3.0,3.7,3.7,4.0,4.0,3.7,3.7,3.0,4.0,4.0,4.0,4.0,3.7,4.0,3.7,4.0,4.0,4.0,3.7,3.7,4.0,3.3,4.0,3.7,4.0,3.7,4.0,3.7,3.7
464,4.0,3.3,4.0,4.0,4.0,4.0,2.3,3.3,3.7,2.7,3.0,3.0,4.0,4.0,4.0,4.0,3.7,3.7,3.3,3.7,2.7,3.7,4.0,3.3,3.7,3.3,4.0,3.7,4.0,3.0,3.0,3.3,4.0,3.7,4.0,3.0,4.0,3.0,3.7,3.7,3.7
465,3.7,3.0,4.0,3.7,4.0,4.0,2.7,4.0,3.3,2.3,4.0,3.3,3.7,3.7,3.7,3.3,3.7,3.7,3.3,3.3,3.7,3.3,4.0,3.0,3.0,3.7,4.0,3.7,4.0,3.3,1.7,3.7,4.0,3.0,4.0,4.0,3.3,3.0,3.3,3.0,3.3
466,3.7,1.7,4.0,4.0,2.7,4.0,2.7,2.7,3.3,3.0,2.0,3.0,2.7,3.7,3.3,4.0,3.3,3.3,2.3,3.3,3.3,3.0,4.0,3.0,2.7,2.7,3.7,3.7,4.0,2.7,1.0,3.3,3.7,3.0,4.0,2.7,3.0,3.0,3.3,2.0,2.7
467,2.3,2.7,4.0,3.0,4.0,3.3,2.7,1.0,2.0,2.0,2.0,3.0,2.0,2.0,1.3,1.3,3.0,2.0,2.0,2.0,2.7,2.0,4.0,2.0,1.3,2.0,2.3,1.0,2.3,2.3,0.0,1.3,3.3,1.7,3.3,1.3,2.0,3.3,2.0,1.3,2.0
468,1.7,1.0,3.0,2.0,1.0,3.0,2.0,3.7,2.0,1.7,1.3,3.0,2.0,2.0,3.0,1.0,2.7,2.0,3.0,3.0,2.3,3.7,2.3,2.0,0.0,1.7,1.0,1.7,1.7,1.0,WU,1.7,2.0,2.3,4.0,1.7,1.3,1.0,2.7,1.7,1.0
469,4.0,3.7,4.0,4.0,4.0,4.0,3.0,3.7,3.3,3.3,3.7,3.7,3.7,4.0,2.0,4.0,4.0,4.0,3.7,4.0,3.3,4.0,4.0,3.0,3.7,3.7,4.0,3.7,3.3,3.7,4.0,3.3,4.0,3.7,4.0,3.3,4.0,3.3,4.0,4.0,3.7
470,2.7,3.0,3.7,2.7,2.7,4.0,3.0,3.0,3.0,2.3,4.0,3.0,3.0,2.0,3.3,2.7,2.7,2.7,1.0,3.0,3.3,3.0,4.0,3.0,1.7,2.7,2.7,1.7,4.0,1.0,1.0,2.0,3.3,2.3,3.7,2.0,2.7,1.7,3.3,2.3,2.0
471,3.3,2.0,4.0,4.0,3.7,3.7,2.7,3.3,3.7,1.7,3.0,3.3,3.0,3.3,3.7,4.0,4.0,3.3,3.0,3.0,3.7,2.7,4.0,3.3,2.7,3.7,3.3,3.3,3.0,3.0,2.0,3.7,4.0,3.3,4.0,3.0,3.0,3.0,3.7,3.3,3.3
472,3.7,4.0,4.0,4.0,4.0,4.0,3.3,3.7,4.0,4.0,4.0,3.3,4.0,4.0,4.0,4.0,4.0,4.0,4.0,4.0,3.7,4.0,4.0,4.0,4.0,4.0,4.0,4.0,4.0,4.0,4.0,3.7,4.0,3.7,4.0,3.3,4.0,3.0,3.7,3.0,4.0
473,3.7,2.0,4.0,4.0,3.0,4.0,3.3,2.0,3.3,2.3,1.0,3.0,3.3,1.7,3.0,3.3,3.3,2.3,1.7,3.3,3.3,3.3,4.0,3.3,2.3,2.7,3.0,3.3,4.0,1.7,1.3,3.0,4.0,2.3,4.0,3.0,3.0,3.3,3.3,3.0,2.7
474,3.0,1.0,4.0,3.0,2.7,3.0,3.3,2.0,3.3,2.0,2.3,4.0,1.3,2.3,3.0,3.7,2.7,3.3,3.0,2.7,3.0,3.0,4.0,3.0,2.3,2.7,3.3,2.0,2.3,2.0,1.0,2.3,3.7,3.0,3.0,2.3,2.0,3.3,3.3,3.0,2.3
475,3.0,2.0,4.0,3.0,3.3,4.0,2.7,4.0,3.3,3.0,2.7,3.0,3.7,3.0,3.3,3.3,3.7,3.3,2.0,2.7,3.0,3.0,3.7,3.0,2.7,2.7,3.0,3.3,4.0,3.0,2.0,2.3,3.3,3.0,3.7,2.7,3.3,3.0,3.3,2.7,2.3
476,2.7,2.7,3.7,4.0,3.0,4.0,3.0,3.3,3.7,3.3,2.7,3.0,4.0,3.0,2.7,3.3,3.0,3.0,1.7,3.3,3.0,3.0,4.0,3.3,3.7,3.0,3.3,3.3,4.0,3.0,2.0,3.0,4.0,2.7,4.0,3.0,3.0,3.3,3.3,2.7,3.0
477,2.7,2.7,3.7,1.7,1.7,2.3,2.7,1.0,2.0,1.3,3.3,2.7,2.7,2.0,2.3,2.7,3.0,2.0,1.0,3.0,2.7,2.0,4.0,2.7,1.3,2.0,3.3,2.3,3.0,1.3,0.0,2.7,3.0,1.7,3.3,2.3,2.3,2.3,3.0,2.7,2.3
478,3.3,1.7,3.7,4.0,3.0,3.7,3.0,4.0,2.7,1.7,2.3,3.3,1.3,2.0,2.0,3.7,3.0,2.0,1.7,3.0,3.0,1.3,3.3,1.7,2.3,3.0,2.3,3.3,3.3,1.7,3.7,2.7,3.0,2.7,4.0,2.0,2.3,2.7,3.3,3.0,2.3
479,3.3,1.0,4.0,3.3,3.0,4.0,3.7,3.3,3.7,3.3,3.0,3.3,2.7,1.3,3.3,3.7,4.0,3.3,3.0,3.3,3.7,3.3,4.0,3.0,2.7,3.7,3.7,3.0,3.7,2.0,1.3,1.3,3.0,2.7,4.0,2.7,3.0,2.7,3.7,2.0,2.3
480,2.7,1.3,4.0,3.7,2.3,4.0,3.7,1.0,3.0,2.0,1.7,3.3,1.0,1.0,3.0,3.0,3.0,2.7,1.3,3.0,3.3,1.7,3.0,3.3,2.0,2.7,2.3,2.3,2.0,1.7,0.0,1.7,2.0,1.3,4.0,1.0,2.3,2.3,3.7,3.0,2.0
481,2.7,3.7,2.3,1.0,3.0,3.0,3.7,3.7,2.0,1.0,1.0,2.3,1.0,0.0,1.7,1.3,2.0,1.3,3.0,2.7,1.7,1.0,3.0,1.3,0.0,1.7,1.0,2.3,1.7,0.0,W,WU,4.0,2.7,4.0,3.0,3.7,4.0,3.7,3.7,3.7
482,3.0,1.3,4.0,3.3,3.7,4.0,3.0,3.3,3.3,3.3,3.0,3.3,3.3,2.0,2.3,3.7,3.3,3.3,2.0,2.7,2.7,2.7,3.3,2.7,2.0,3.0,3.0,3.0,3.7,2.3,1.3,2.3,3.3,2.3,4.0,2.0,2.7,1.7,3.0,1.3,2.0
483,3.7,3.3,4.0,4.0,3.7,4.0,3.7,4.0,4.0,4.0,3.0,2.7,3.3,4.0,3.0,3.7,4.0,4.0,3.0,2.7,3.3,3.7,4.0,3.3,3.7,4.0,4.0,4.0,4.0,4.0,3.7,3.3,4.0,3.0,4.0,3.7,3.3,3.0,3.7,3.0,3.7
484,4.0,4.0,4.0,4.0,4.0,4.0,4.0,4.0,4.0,4.0,4.0,3.0,4.0,4.0,3.7,4.0,4.0,4.0,4.0,3.7,3.7,4.0,4.0,3.7,3.7,4.0,4.0,4.0,4.0,3.7,4.0,3.7,4.0,4.0,4.0,4.0,4.0,2.3,4.0,3.0,3.7
485,3.0,3.0,3.7,3.3,3.7,3.7,4.0,1.0,3.3,4.0,4.0,3.0,3.7,4.0,3.0,3.7,4.0,4.0,3.7,3.7,3.3,4.0,4.0,3.3,3.3,3.7,3.7,3.3,3.7,3.0,3.0,1.7,3.3,2.0,3.7,2.7,3.0,2.3,3.0,2.7,2.3
486,3.0,3.0,4.0,3.3,2.7,4.0,3.0,3.3,4.0,4.0,4.0,3.0,3.0,3.0,2.0,3.0,3.3,3.0,2.0,1.7,3.0,3.3,4.0,3.3,2.7,3.3,2.7,3.0,3.7,2.7,3.0,1.7,3.0,2.0,4.0,2.7,2.0,3.0,3.0,2.3,2.3
487,3.0,2.0,4.0,3.3,2.7,4.0,3.0,2.7,3.3,2.7,4.0,3.3,3.0,2.7,3.3,3.7,3.0,1.3,2.0,2.7,3.0,3.0,3.7,3.7,2.7,3.3,3.0,3.3,4.0,3.0,2.0,2.3,3.3,3.0,4.0,2.0,3.0,3.7,4.0,2.7,3.3
488,3.7,2.7,3.7,3.7,3.3,4.0,3.3,3.7,3.7,3.3,2.7,3.0,3.0,3.0,1.7,3.7,4.0,4.0,2.3,2.7,3.0,1.0,4.0,2.7,2.3,3.3,3.0,2.0,3.7,3.0,2.0,1.7,3.7,2.7,4.0,2.3,3.3,2.0,3.0,2.0,2.7
489,2.0,2.7,2.3,2.7,3.3,2.3,2.7,3.3,2.7,1.0,1.7,4.0,1.3,1.3,2.7,1.3,2.3,1.0,2.0,3.0,2.0,2.0,2.3,1.3,0.0,1.7,1.0,2.3,1.0,WU,WU,1.0,1.0,0.0,3.7,0.0,1.3,2.0,3.0,0.0,1.0
490,2.3,1.0,4.0,1.3,2.7,3.7,3.0,4.0,3.3,2.0,2.7,2.7,1.0,1.3,2.3,2.3,3.0,2.0,1.7,2.7,2.7,1.0,3.7,2.3,1.7,2.7,3.0,2.0,2.0,1.7,3.0,2.0,2.7,2.0,4.0,1.0,2.0,2.3,2.7,1.7,2.3
491,3.3,1.3,4.0,2.7,3.3,3.0,3.3,3.7,3.7,2.0,3.7,3.0,3.3,3.3,2.7,2.7,3.0,3.3,1.7,3.0,4.0,2.0,3.7,2.7,2.0,3.3,3.3,3.0,3.0,2.7,2.0,2.3,3.3,2.7,4.0,2.0,2.3,3.0,3.0,2.0,3.0
492,3.3,2.7,3.7,3.3,3.0,3.3,2.0,3.0,3.7,3.3,3.7,1.7,3.3,4.0,1.7,3.0,3.3,3.3,1.0,1.0,1.7,3.7,2.0,1.3,W,2.0,2.0,2.3,3.3,1.0,3.3,2.3,2.3,2.3,3.7,2.0,2.0,1.7,2.7,2.0,2.0
493,4.0,3.0,4.0,4.0,4.0,3.3,4.0,3.0,4.0,4.0,3.3,3.0,2.0,1.0,3.3,3.7,4.0,3.3,2.3,2.7,3.7,3.7,4.0,3.3,3.0,3.7,3.3,3.3,4.0,3.3,2.3,2.7,4.0,3.0,3.3,3.0,3.7,3.0,3.7,3.0,3.0
494,4.0,4.0,4.0,4.0,4.0,4.0,3.7,4.0,4.0,3.7,4.0,3.7,4.0,4.0,4.0,4.0,4.0,4.0,3.7,3.7,3.0,4.0,4.0,3.7,3.7,4.0,4.0,4.0,4.0,4.0,4.0,4.0,3.7,4.0,4.0,3.3,3.7,3.3,4.0,4.0,3.7
495,3.7,4.0,4.0,3.3,4.0,3.7,4.0,2.7,4.0,4.0,3.7,3.0,2.7,3.0,3.3,3.7,4.0,4.0,4.0,3.7,3.7,4.0,4.0,3.0,3.3,4.0,4.0,4.0,4.0,3.7,4.0,3.0,3.3,3.3,4.0,3.0,3.3,2.7,3.7,2.0,2.7
496,3.3,3.0,4.0,4.0,3.0,4.0,4.0,4.0,4.0,4.0,3.3,3.0,3.3,3.3,3.7,3.7,3.3,3.0,3.0,3.0,3.3,3.0,3.7,3.7,2.0,3.7,3.0,3.3,3.7,3.0,3.0,2.0,3.7,2.7,4.0,3.3,3.3,3.0,3.7,1.7,3.3
497,4.0,3.0,4.0,3.7,4.0,4.0,3.3,3.3,4.0,3.7,4.0,3.3,4.0,4.0,3.7,4.0,3.7,3.7,2.3,2.7,3.3,4.0,4.0,4.0,3.0,3.3,3.3,3.0,3.7,3.7,2.7,3.7,4.0,4.0,4.0,3.0,3.7,3.3,4.0,3.0,3.0
498,4.0,4.0,4.0,4.0,4.0,4.0,3.7,4.0,4.0,4.0,4.0,4.0,4.0,4.0,4.0,4.0,4.0,4.0,4.0,4.0,4.0,4.0,4.0,4.0,4.0,4.0,4.0,4.0,4.0,4.0,4.0,4.0,4.0,4.0,4.0,3.3,4.0,4.0,4.0,3.7,4.0
499,4.0,4.0,4.0,4.0,4.0,4.0,3.3,4.0,4.0,4.0,4.0,3.7,4.0,4.0,4.0,4.0,4.0,4.0,4.0,4.0,3.3,4.0,4.0,3.7,3.7,4.0,4.0,4.0,4.0,4.0,4.0,4.0,4.0,4.0,4.0,4.0,4.0,3.7,4.0,4.0,4.0
500,4.0,3.7,4.0,4.0,4.0,4.0,3.3,4.0,3.7,3.7,3.7,3.3,4.0,4.0,2.7,4.0,4.0,4.0,3.0,2.3,3.0,4.0,3.7,3.0,3.0,3.7,3.7,2.7,4.0,3.0,2.0,2.3,4.0,3.0,4.0,3.0,4.0,3.3,3.0,3.0,3.3
501,3.3,3.7,4.0,4.0,4.0,4.0,4.0,3.0,4.0,4.0,4.0,3.7,3.7,3.3,3.3,3.7,4.0,4.0,3.3,3.0,4.0,4.0,4.0,3.7,3.0,3.7,3.7,4.0,4.0,4.0,4.0,4.0,4.0,4.0,4.0,3.3,4.0,3.7,4.0,4.0,3.0
502,3.0,2.0,4.0,3.0,2.7,3.3,4.0,1.0,3.0,2.0,2.7,3.0,2.0,1.0,3.7,2.7,2.0,1.3,4.0,3.7,3.7,2.7,2.7,3.0,2.3,3.3,2.3,3.3,3.3,2.0,2.7,1.3,2.7,1.3,4.0,1.7,3.0,3.0,3.7,1.7,3.3
503,4.0,4.0,4.0,3.7,4.0,4.0,3.7,4.0,4.0,4.0,4.0,3.7,4.0,4.0,3.7,4.0,4.0,4.0,4.0,3.3,4.0,4.0,4.0,3.3,3.3,4.0,4.0,4.0,4.0,4.0,4.0,4.0,4.0,4.0,4.0,3.3,3.3,3.3,4.0,3.7,3.3
504,4.0,3.0,4.0,4.0,4.0,4.0,3.7,3.3,3.7,3.3,3.7,4.0,4.0,3.7,4.0,4.0,3.7,4.0,3.0,3.3,4.0,3.0,3.7,4.0,3.0,4.0,3.3,3.7,3.7,3.7,3.3,3.7,3.7,3.3,4.0,4.0,4.0,3.3,4.0,3.7,3.7
505,3.7,2.0,4.0,3.3,4.0,3.7,3.0,3.0,3.3,1.7,2.3,3.7,4.0,4.0,3.7,4.0,3.3,4.0,2.7,3.3,3.0,3.0,4.0,3.0,3.0,3.3,3.7,3.3,4.0,3.3,2.3,3.7,4.0,4.0,3.7,4.0,4.0,3.3,3.7,3.3,3.0
506,3.3,2.7,4.0,3.7,3.0,4.0,4.0,1.7,3.7,3.7,3.7,1.3,2.3,1.3,2.7,3.7,3.0,1.0,3.7,3.7,3.0,2.7,3.3,3.0,1.7,3.3,2.7,3.0,3.3,2.3,3.0,2.7,3.7,3.3,4.0,3.3,3.7,3.0,3.0,3.0,3.0
507,3.7,1.7,4.0,4.0,3.3,3.7,3.7,3.0,3.7,3.0,3.0,3.3,2.3,2.0,3.0,3.7,2.7,2.7,1.7,2.0,3.3,2.3,3.7,3.7,2.0,3.0,3.3,3.3,4.0,2.7,2.3,3.0,3.7,3.0,3.7,3.0,3.0,3.3,3.7,3.0,3.3
508,3.7,1.0,4.0,3.3,3.3,4.0,3.0,3.0,3.3,3.3,2.7,2.7,2.7,2.7,3.0,3.7,2.7,2.3,2.0,2.3,2.7,2.0,3.7,2.7,2.3,3.7,4.0,3.0,3.7,2.3,2.0,2.7,3.3,3.3,3.3,3.3,3.0,3.0,3.7,3.3,3.0
509,2.0,4.0,4.0,1.7,1.3,2.3,2.7,2.0,1.7,1.3,1.7,3.7,2.0,2.3,3.3,2.3,2.7,1.0,2.7,3.0,2.7,2.7,1.7,1.3,1.0,1.3,2.0,1.7,1.7,1.7,0.0,1.0,1.3,1.3,3.3,0.0,0.0,2.0,2.3,2.0,1.3
510,3.3,1.7,4.0,3.0,4.0,3.0,3.3,1.0,3.3,3.3,3.7,3.3,2.3,3.0,3.3,3.3,3.7,3.0,3.3,2.0,3.3,4.0,4.0,3.0,2.3,3.3,3.0,3.7,3.7,3.3,2.3,3.3,4.0,3.3,4.0,3.3,3.0,2.3,3.7,2.3,3.3
511,2.7,1.0,3.7,3.0,2.0,2.7,2.7,3.7,2.0,2.3,3.7,3.3,3.0,2.0,3.0,1.7,3.0,1.0,3.0,3.3,2.3,3.0,1.7,3.0,1.0,2.7,1.7,2.3,2.7,1.0,WU,1.7,3.0,2.0,3.3,2.0,2.3,3.0,3.3,2.0,2.0
512,2.0,1.0,3.3,2.7,2.7,3.0,4.0,1.0,2.3,1.7,1.3,3.3,1.0,2.0,1.3,2.0,1.7,1.7,2.7,1.3,3.3,1.3,3.7,3.0,1.0,2.7,3.0,2.3,3.3,1.3,1.0,1.7,1.3,2.0,3.3,3.0,2.3,2.7,3.0,2.0,2.3
513,2.7,2.3,4.0,2.7,2.7,2.0,3.7,3.7,3.0,1.0,2.0,2.0,4.0,3.7,2.3,3.7,4.0,2.7,1.3,2.3,3.0,4.0,3.3,1.7,1.3,2.7,1.7,1.0,4.0,2.0,1.3,1.7,3.3,2.0,3.7,1.0,1.0,2.3,3.3,2.0,0.0
514,3.0,1.0,3.3,3.7,2.7,3.3,3.0,1.0,3.3,1.0,1.0,3.0,1.3,1.7,3.7,3.3,2.3,2.7,2.0,2.7,3.7,2.0,4.0,3.3,3.0,3.7,3.7,3.0,4.0,4.0,2.7,3.0,4.0,3.0,4.0,3.7,3.7,3.0,4.0,3.3,3.3
515,2.7,1.7,4.0,2.3,2.3,3.3,3.3,1.0,3.7,1.7,1.7,2.3,1.0,1.3,3.0,3.7,2.0,1.7,1.7,2.3,3.3,2.3,3.3,3.3,2.7,3.3,3.7,2.7,3.7,2.3,1.3,2.7,3.7,3.0,4.0,3.0,3.0,2.7,3.3,2.7,3.0
516,3.0,1.0,3.7,1.0,3.3,1.3,3.3,1.7,1.7,2.0,2.3,3.0,2.0,1.7,1.7,3.0,1.7,2.3,1.7,1.7,3.3,2.3,3.3,2.7,1.0,2.0,2.3,1.7,4.0,0.0,1.0,0.0,1.3,0.0,4.0,2.0,0.0,1.7,3.0,0.0,0.0
517,3.3,1.7,4.0,3.7,4.0,4.0,4.0,3.3,4.0,3.3,2.7,3.3,2.7,2.3,3.0,3.3,3.0,3.3,2.0,3.0,3.3,3.0,4.0,3.3,2.7,3.7,3.7,3.3,4.0,3.7,3.0,2.7,4.0,2.0,4.0,3.3,3.0,2.7,3.3,2.7,3.0
518,3.3,1.0,4.0,3.7,3.3,4.0,3.0,1.3,3.3,2.7,3.3,3.3,2.3,3.0,3.3,3.3,2.3,2.7,2.3,2.3,3.0,2.7,3.3,3.3,1.7,3.3,3.0,3.0,3.0,2.7,1.0,2.0,3.7,3.0,4.0,3.3,3.0,2.7,3.3,2.3,3.0
519,3.7,2.7,3.7,3.3,4.0,3.3,3.7,2.0,3.3,3.0,4.0,3.3,2.3,2.0,3.0,3.3,2.7,3.7,2.3,2.0,3.0,3.0,4.0,2.7,2.0,3.0,3.3,3.0,3.3,2.7,1.7,3.0,2.7,2.3,4.0,2.7,3.0,2.7,3.0,1.7,2.3
520,4.0,1.3,4.0,3.7,2.7,3.7,3.0,3.0,4.0,3.7,3.0,3.0,2.0,2.7,3.0,3.0,2.0,3.3,1.7,2.7,3.0,2.0,3.3,3.3,2.0,3.3,3.3,2.7,3.3,3.0,1.7,2.3,4.0,2.0,4.0,3.7,2.7,2.3,3.3,2.0,3.0
521,1.7,1.3,2.7,2.0,2.7,2.0,3.0,1.7,3.3,2.3,1.7,2.7,1.3,0.0,1.0,2.0,1.0,1.0,1.0,1.3,3.0,3.3,1.3,2.3,W,2.0,1.7,2.0,1.0,1.3,0.0,3.3,1.0,1.7,3.7,1.3,0.0,2.0,2.7,1.7,1.3
522,2.0,3.7,3.0,3.7,2.3,3.0,2.3,1.3,2.3,2.7,2.0,3.0,2.0,1.3,2.0,1.7,3.3,1.0,2.0,2.0,2.7,3.0,1.3,2.0,0.0,2.0,1.7,1.3,1.3,1.0,0.0,1.0,0.0,0.0,3.7,0.0,0.0,1.7,2.3,1.7,0.0
523,2.7,1.0,4.0,3.7,2.7,4.0,3.0,1.0,3.3,2.0,1.0,2.3,1.0,1.7,2.3,3.0,1.0,2.3,1.3,2.0,3.0,1.0,2.7,2.3,1.0,3.0,2.0,1.7,2.0,1.3,1.7,3.3,3.0,2.7,4.0,2.0,1.3,3.0,3.0,1.7,2.3
524,2.7,3.7,4.0,4.0,2.3,3.3,4.0,3.7,3.0,1.7,1.7,3.0,2.7,1.3,2.0,3.0,2.7,2.7,1.0,2.7,3.0,1.7,3.7,3.0,3.3,3.0,2.7,2.0,3.0,1.0,0.0,1.3,2.7,2.3,3.3,1.3,1.7,3.3,3.7,2.7,2.0
525,2.0,3.7,4.0,2.3,2.0,2.7,2.3,4.0,2.7,4.0,1.3,2.3,2.3,3.0,4.0,2.7,3.7,2.3,4.0,4.0,3.0,3.7,3.0,2.0,2.7,3.0,3.7,2.0,3.7,3.0,1.3,2.7,3.7,2.7,4.0,2.7,3.0,2.0,2.3,1.3,3.0
526,3.0,2.0,3.7,2.0,2.7,3.3,2.7,1.0,2.7,2.3,2.7,2.0,3.7,2.3,1.7,2.7,3.0,1.0,3.7,2.0,3.3,3.0,2.7,2.7,2.0,3.0,3.3,2.3,3.0,1.3,2.3,3.0,3.3,2.7,3.3,2.0,1.3,2.0,3.3,3.0,3.0
527,1.7,1.0,3.0,3.3,1.7,2.7,2.3,3.0,2.3,3.3,3.7,3.0,1.0,2.0,3.0,1.0,1.3,1.0,2.3,1.3,2.0,2.3,3.3,1.3,2.0,2.7,1.0,2.7,3.0,1.3,0.0,1.0,1.0,1.0,4.0,0.0,1.3,1.0,2.3,1.7,0.0
528,4.0,3.3,4.0,4.0,3.7,4.0,4.0,4.0,4.0,4.0,4.0,2.3,4.0,3.7,3.7,4.0,4.0,4.0,3.0,3.3,3.7,4.0,4.0,3.3,3.3,4.0,4.0,3.3,4.0,4.0,3.3,3.0,4.0,3.3,4.0,4.0,4.0,3.0,3.7,3.0,3.7
529,4.0,4.0,4.0,4.0,4.0,4.0,3.3,4.0,4.0,4.0,4.0,3.0,3.0,3.7,4.0,4.0,4.0,4.0,4.0,3.0,3.7,4.0,4.0,3.7,4.0,4.0,4.0,4.0,4.0,4.0,4.0,3.7,4.0,4.0,4.0,4.0,4.0,3.3,3.3,4.0,4.0
530,4.0,4.0,4.0,3.7,3.7,4.0,3.7,4.0,4.0,3.3,4.0,3.7,4.0,4.0,4.0,4.0,4.0,4.0,4.0,4.0,3.7,4.0,4.0,4.0,3.7,4.0,4.0,4.0,4.0,4.0,4.0,4.0,4.0,4.0,4.0,4.0,4.0,3.7,4.0,4.0,4.0
531,4.0,2.3,4.0,3.7,3.3,4.0,4.0,4.0,4.0,4.0,3.3,3.0,3.3,4.0,3.7,3.7,3.7,3.7,3.7,2.7,4.0,3.7,4.0,3.0,3.3,4.0,3.0,3.3,3.7,3.3,3.0,3.3,4.0,3.3,4.0,4.0,3.7,3.3,3.3,2.0,3.0
532,3.3,2.0,4.0,3.0,3.7,4.0,3.3,1.3,3.3,2.7,3.3,3.3,1.7,3.0,3.3,4.0,3.0,3.0,3.3,3.0,3.0,3.7,4.0,3.0,3.0,3.0,3.3,3.3,3.0,2.3,2.0,2.3,3.0,2.7,4.0,3.0,2.3,3.0,3.7,1.3,2.3
533,3.7,3.3,4.0,3.7,4.0,4.0,4.0,4.0,4.0,4.0,4.0,3.3,3.7,3.0,3.7,4.0,4.0,3.7,4.0,3.3,3.7,4.0,4.0,3.7,3.3,4.0,4.0,3.3,4.0,3.7,3.7,3.0,4.0,3.0,4.0,3.7,3.7,2.3,3.3,2.7,3.0
534,2.7,2.7,4.0,4.0,3.7,4.0,3.7,3.0,3.3,3.3,3.0,3.7,2.3,3.0,3.3,4.0,3.7,3.7,2.3,3.3,3.7,3.3,4.0,3.3,3.0,3.3,3.3,3.3,3.0,3.0,2.0,3.3,3.7,3.3,4.0,3.3,3.3,3.0,3.7,3.3,3.3
535,3.7,2.7,4.0,3.7,3.7,4.0,3.7,2.7,3.0,3.3,3.0,3.0,3.0,3.3,2.7,3.7,3.3,3.7,3.0,3.3,3.7,4.0,3.0,3.3,3.0,3.7,3.3,3.7,3.7,3.3,2.7,3.0,3.7,2.3,4.0,4.0,3.3,2.7,3.7,2.3,3.0
536,4.0,2.3,4.0,2.7,3.7,4.0,2.0,3.3,3.3,3.3,3.0,3.3,3.0,3.7,3.7,4.0,3.7,3.7,3.0,3.3,3.3,4.0,4.0,3.0,3.0,3.7,4.0,3.3,4.0,3.3,2.7,3.3,4.0,3.3,3.7,4.0,4.0,3.0,3.3,3.3,3.7
537,4.0,2.0,4.0,3.7,4.0,4.0,3.0,3.7,3.3,2.3,2.3,3.3,4.0,4.0,3.3,3.7,3.3,3.7,2.0,3.3,3.3,2.3,3.7,3.0,2.7,3.3,4.0,3.7,4.0,2.7,2.7,3.3,4.0,3.3,4.0,3.7,3.3,3.0,3.3,3.0,3.3
538,3.7,2.0,4.0,3.7,4.0,3.3,3.7,2.7,4.0,3.3,3.7,3.3,3.0,3.7,3.7,3.7,3.3,3.7,2.7,3.0,4.0,3.7,4.0,3.7,3.0,3.7,3.7,3.3,3.3,3.3,1.7,3.7,4.0,3.7,4.0,3.0,4.0,3.0,3.7,3.7,3.7
539,4.0,2.3,4.0,3.3,3.3,3.7,3.3,3.0,3.3,3.3,3.7,3.3,3.0,3.3,3.3,3.7,3.3,3.3,2.0,2.7,3.0,3.3,4.0,3.0,3.3,4.0,3.3,3.3,3.7,3.7,3.3,3.7,4.0,4.0,4.0,3.7,3.3,3.0,3.7,2.7,3.7
540,4.0,3.3,4.0,3.3,4.0,4.0,3.3,2.0,3.7,3.0,3.3,3.0,3.0,4.0,4.0,4.0,3.7,4.0,4.0,3.3,3.3,4.0,4.0,3.7,4.0,4.0,4.0,4.0,4.0,4.0,4.0,3.7,4.0,4.0,4.0,4.0,4.0,3.3,3.7,3.3,4.0
541,3.7,3.3,4.0,4.0,4.0,4.0,4.0,3.0,4.0,4.0,3.7,3.0,3.0,3.7,4.0,4.0,4.0,3.3,3.7,3.0,3.3,3.7,4.0,4.0,3.3,3.7,4.0,3.3,4.0,4.0,3.0,3.7,4.0,4.0,3.7,3.7,3.3,3.0,4.0,3.3,3.7
542,4.0,3.7,4.0,3.7,4.0,4.0,3.7,3.0,4.0,4.0,3.7,3.7,2.7,4.0,4.0,4.0,4.0,4.0,4.0,3.0,4.0,4.0,4.0,3.7,3.3,4.0,4.0,3.7,4.0,4.0,3.3,3.7,3.7,3.7,4.0,4.0,4.0,3.3,4.0,3.7,4.0
543,4.0,3.0,4.0,3.7,3.7,4.0,3.3,3.3,3.3,2.7,4.0,3.3,3.0,3.3,4.0,4.0,3.7,4.0,2.7,3.3,3.0,4.0,4.0,3.3,3.3,4.0,4.0,3.3,4.0,3.7,3.3,3.7,WU,2.7,4.0,W,WU,4.0,3.7,3.7,W
544,3.7,1.7,4.0,4.0,3.0,3.0,3.7,4.0,3.7,2.0,2.7,3.3,1.7,2.0,3.0,3.3,2.3,2.0,2.0,2.3,3.3,1.7,4.0,3.3,2.3,3.3,3.3,3.7,3.0,3.3,3.0,3.0,3.3,3.0,3.3,3.0,2.7,3.3,3.7,2.3,3.0
545,3.0,3.0,4.0,4.0,3.7,3.7,3.7,1.0,3.7,2.7,3.0,3.3,2.0,2.0,3.3,3.7,3.0,2.0,2.3,2.3,3.3,2.3,3.7,3.3,2.7,3.3,4.0,3.0,2.3,3.3,3.0,2.7,3.0,3.0,4.0,3.3,3.0,2.0,3.3,1.7,3.0
546,3.0,1.0,4.0,3.3,3.3,3.7,2.7,1.0,3.0,2.0,1.0,3.0,2.0,2.0,3.7,3.7,3.0,3.0,2.3,2.3,3.3,2.7,3.7,3.3,3.0,3.7,4.0,3.0,3.3,2.7,2.0,3.3,3.3,3.3,4.0,3.3,3.3,3.0,3.3,2.3,3.0
547,2.7,2.3,3.7,3.3,1.7,3.0,2.3,1.0,2.7,1.7,1.3,3.0,2.3,1.0,1.7,3.0,1.0,1.0,3.0,1.0,3.0,1.7,1.3,3.0,1.3,2.0,1.7,1.7,1.0,1.3,2.7,1.3,2.0,2.7,3.7,2.3,1.3,2.7,2.7,2.0,2.0
548,4.0,4.0,4.0,4.0,2.3,4.0,3.3,2.0,3.3,3.3,2.3,3.3,4.0,2.7,3.3,3.7,2.7,2.3,2.3,2.0,3.7,3.0,3.3,3.7,2.7,3.7,4.0,3.3,3.7,2.7,2.0,3.0,3.0,3.0,3.0,3.0,2.7,3.7,4.0,2.3,3.0
549,3.7,2.0,4.0,4.0,3.0,3.0,2.7,1.7,2.7,2.0,2.7,1.7,4.0,3.0,3.0,3.3,2.0,2.7,1.7,2.0,3.3,4.0,2.0,3.0,2.3,3.0,3.3,2.7,3.3,3.0,1.0,2.3,3.3,2.7,4.0,3.0,2.7,3.0,3.0,2.7,2.7
550,2.7,3.0,4.0,2.0,4.0,3.7,1.3,3.7,1.0,1.0,4.0,2.7,3.0,4.0,4.0,2.3,3.0,3.3,2.3,2.7,1.0,2.7,2.0,0.0,2.0,1.0,1.7,1.3,4.0,1.7,3.3,0.0,4.0,2.0,3.3,2.7,2.0,1.3,2.0,0.0,0.0
551,4.0,2.7,4.0,3.3,4.0,4.0,3.3,3.3,4.0,3.7,3.7,3.3,3.7,3.0,3.3,3.0,3.7,3.7,3.7,3.0,2.7,4.0,4.0,3.0,2.3,3.0,3.0,3.0,4.0,2.0,3.0,2.0,3.3,2.7,4.0,2.0,3.3,2.0,2.7,2.0,2.7
552,2.7,2.0,4.0,3.3,1.7,4.0,3.0,2.0,3.0,3.0,1.7,3.0,3.0,3.3,2.0,3.0,1.7,2.3,1.0,2.0,3.3,2.3,3.3,2.0,4.0,3.0,3.0,1.7,3.0,1.0,3.3,1.0,2.3,2.0,3.3,0.0,1.3,1.7,3.0,1.0,1.3
553,4.0,3.0,4.0,2.3,4.0,4.0,3.7,4.0,2.7,3.3,3.3,3.0,3.3,3.3,3.7,3.3,3.7,4.0,3.3,3.7,3.3,4.0,4.0,3.3,3.0,3.3,3.0,3.7,4.0,3.0,2.3,3.0,3.7,3.3,4.0,3.3,4.0,2.3,3.7,3.0,3.7
554,3.3,1.7,4.0,2.3,3.0,3.7,3.3,2.0,3.3,3.0,3.3,3.0,3.0,3.0,2.3,3.3,3.3,2.3,1.7,2.0,3.3,3.3,4.0,3.0,2.0,2.3,3.0,2.0,3.7,2.0,1.3,2.0,3.7,2.3,4.0,3.0,3.0,3.0,3.3,1.7,3.0
555,2.7,2.0,4.0,2.7,1.7,3.0,3.0,2.7,1.7,3.3,1.3,3.0,4.0,2.0,1.3,2.3,1.3,1.0,3.3,2.3,2.3,1.3,2.3,2.0,3.3,1.0,1.7,1.7,1.7,0.0,1.0,2.0,1.0,1.7,3.0,1.7,2.3,2.7,3.3,1.3,2.7
556,4.0,3.3,4.0,4.0,4.0,3.3,3.7,3.0,3.7,4.0,3.3,3.0,3.7,2.0,4.0,4.0,4.0,4.0,3.7,3.7,3.7,4.0,4.0,3.7,3.3,3.0,3.3,3.0,4.0,4.0,3.0,2.7,4.0,3.7,4.0,3.3,4.0,3.0,4.0,3.3,4.0
557,3.3,2.3,3.0,3.7,2.7,3.3,3.3,2.0,3.0,4.0,2.0,3.0,3.7,0.0,3.0,2.0,2.7,1.7,1.3,1.7,3.7,2.3,1.3,2.7,2.0,3.0,2.0,2.7,2.0,1.7,0.0,2.7,1.7,2.0,3.7,2.0,2.3,1.3,3.0,1.7,2.0
558,3.7,2.7,4.0,4.0,3.7,4.0,3.3,3.7,3.3,4.0,2.7,3.0,2.3,3.3,2.7,3.7,3.7,3.3,2.7,3.7,3.0,3.7,4.0,3.3,2.3,3.3,3.3,3.0,3.7,2.3,3.0,2.7,3.3,3.3,4.0,3.0,2.0,1.0,3.7,1.3,2.0
559,3.7,2.3,4.0,3.0,3.0,3.7,2.3,1.0,3.0,3.7,3.7,3.3,2.7,3.0,3.3,3.3,3.3,3.7,2.0,2.7,3.3,4.0,3.3,3.7,2.7,3.0,3.0,3.3,4.0,3.0,3.3,2.7,3.3,2.7,4.0,3.7,4.0,2.0,3.3,3.3,3.7
560,3.3,1.7,4.0,1.3,2.3,3.7,1.7,2.3,2.3,3.0,2.0,3.0,3.0,3.7,2.3,3.0,2.7,3.3,4.0,3.0,1.0,2.3,2.7,0.0,2.0,2.0,2.7,1.7,3.0,1.0,3.3,1.0,3.3,2.0,3.3,1.7,1.7,0.0,2.0,1.0,1.7
561,2.7,3.0,3.7,3.3,2.7,3.3,3.7,4.0,3.0,3.0,2.0,3.3,2.7,3.3,2.7,3.7,2.3,3.0,4.0,4.0,3.0,2.7,4.0,3.3,2.3,2.7,2.0,2.0,3.3,2.0,1.0,1.0,3.3,2.7,3.3,1.3,2.3,2.7,3.3,2.0,2.3
562,3.0,3.0,4.0,2.0,3.0,3.3,3.0,1.7,3.3,3.3,2.7,2.3,1.7,2.3,3.0,2.3,2.3,2.7,2.0,2.0,2.3,3.0,4.0,2.7,2.3,2.7,3.0,3.0,3.7,2.3,2.0,2.7,3.7,3.0,3.3,3.3,3.3,2.3,3.7,1.3,2.3
563,3.7,3.0,4.0,1.3,3.3,3.7,2.0,4.0,2.3,2.0,3.0,3.0,3.3,3.0,2.0,3.0,3.0,4.0,1.7,2.0,2.0,2.3,4.0,3.0,2.3,2.0,3.3,3.0,3.3,1.7,2.7,1.7,3.3,2.0,3.3,1.7,1.7,2.0,0.0,1.0,2.0
564,3.7,1.0,4.0,2.0,3.3,3.3,2.0,3.7,2.7,1.0,3.3,3.0,1.7,3.0,2.0,3.3,2.7,2.3,3.3,3.7,2.0,3.3,2.3,2.7,2.3,3.0,2.7,2.3,2.3,2.0,1.0,1.7,3.0,2.3,3.3,1.3,2.0,1.7,3.0,2.0,2.7
565,0.0,0.0,1.0,1.7,3.7,1.3,1.0,3.7,3.7,3.7,4.0,3.7,3.7,4.0,3.7,3.7,3.7,3.7,2.0,3.7,3.7,3.7,4.0,3.0,3.7,3.7,3.7,4.0,3.7,3.7,3.7,3.7,4.0,2.7,4.0,3.0,3.7,4.0,3.7,3.7,3.7
566,3.0,4.0,4.0,3.7,4.0,4.0,3.7,3.7,4.0,3.3,4.0,4.0,4.0,4.0,4.0,4.0,4.0,4.0,4.0,4.0,3.0,3.7,4.0,3.0,3.7,3.7,4.0,4.0,4.0,4.0,4.0,3.3,3.7,3.7,4.0,4.0,4.0,3.3,3.3,3.0,4.0
567,4.0,4.0,4.0,4.0,4.0,4.0,4.0,3.7,4.0,4.0,4.0,3.3,2.3,3.7,3.0,4.0,4.0,4.0,4.0,4.0,4.0,3.0,4.0,4.0,4.0,4.0,4.0,4.0,4.0,4.0,4.0,3.7,3.3,3.3,4.0,4.0,3.7,3.0,3.7,2.0,3.7
568,3.0,4.0,3.7,3.3,4.0,4.0,4.0,4.0,4.0,3.0,4.0,2.7,3.0,3.3,3.0,3.7,4.0,3.3,3.0,4.0,3.3,3.0,4.0,3.0,2.7,3.3,3.3,4.0,3.3,3.0,2.3,3.3,3.7,3.0,4.0,3.3,4.0,2.0,3.3,3.7,3.7
569,4.0,3.3,1.0,4.0,1.0,1.3,2.7,1.7,2.7,1.7,4.0,2.3,1.0,1.0,3.0,2.7,3.0,2.7,2.0,2.7,1.3,1.3,2.3,1.0,2.0,2.0,2.3,1.7,1.7,1.0,2.7,3.3,1.0,3.0,3.0,1.7,1.0,2.0,3.0,2.7,2.0
570,2.0,1.0,1.0,2.0,2.0,1.3,3.0,2.3,2.0,1.3,2.7,2.3,1.7,3.3,1.3,3.3,1.7,3.0,1.3,1.7,2.0,1.3,2.0,1.0,0.0,1.0,1.0,2.0,3.7,0.0,1.7,1.3,2.3,2.0,2.7,1.0,0.0,1.7,3.3,1.0,1.7
